comment,clean_comment
Without nattu kaka jethalals shop is incomplete ğŸ˜¢,without nattu kaka jethalals shop is incomplete
Bhaga aur nattu kaka main bhohat fark h bagha pe kis kis ko gussa aaraha h,bhaga aur nattu kaka main bhohat fark h bagha pe kis kis ko gussa aaraha h
Ye bhaga bkl kuch v thik se kaam ny kr ta h,ye bhaga bkl kuch v thik se kaam ny kr ta h
ğŸ˜‚ğŸ˜‚â¤â¤ğŸ‰ğŸ‰,
2025,
Hamari mohalle ki sari bhabhiyan bhi humko aise hi chane ke jhand me chadha deti hai humko ğŸ˜…,hamari mohalle ki sari bhabhiyan bhi humko aise hi chane ke jhand me chadha deti hai humko
23:01 ğŸ˜®,
57:44 to 58:19 full of comedy scene of bhide and mehtağŸ˜‚ğŸ˜‚ğŸ˜‚ğŸ˜‚ğŸ˜‚ğŸ˜‚ğŸ˜‚,to full of comedy scene of bhide and mehta
ğŸ˜¢ğŸ˜¢ğŸ˜¢ğŸ˜¢ğŸ˜¢ğŸ˜¢ğŸ˜¢ğŸ˜¢ğŸ˜¢ğŸ˜¢ğŸ˜¢ğŸ˜¢ğŸ˜¢ğŸ˜¢ğŸ˜¢ğŸ˜¢ğŸ˜¢ğŸ˜¢ğŸ˜¢ğŸ˜¢ğŸ˜¢ğŸ˜¢ğŸ˜¢ğŸ˜¢ğŸ˜¢ğŸ˜¢,
06:56ğŸ˜‚ğŸ˜‚ğŸ˜‚,
Jethalal jesa Seth kaha mile the hyeğŸ˜¢ğŸ˜Š,jethalal jesa seth kaha mile the hye
Really loved tge way jetha daya and everyone was rensed for bagha,really loved tge way jetha daya and everyone was rensed for bagha
ğŸ˜‚,
Babita Iyer k pyaar me bhukhi rahi thi to Iyer ne propose day kyn mnaya?? Iyer ne to propose kiya hi nahi! ğŸ¤£,babita iyer k pyaar me bhukhi rahi thi to iyer ne propose day kyn mnaya iyer ne to propose kiya hi nahi
54:30 Dil gayab ho gya best reaction by HathiğŸ˜‚,dil gayab ho gya best reaction by hathi
ğŸ˜…ğŸ˜…ğŸ˜…ğŸ˜…ğŸ˜…ğŸ˜…ğŸ˜…ğŸ˜…ğŸ˜…ğŸ˜¢ğŸ˜¢ğŸ˜¢ğŸ˜¢ğŸ˜¢ğŸ˜¢ğŸ˜¢ğŸ˜…ğŸ˜…ğŸ˜…ğŸ˜…ğŸ˜…ğŸ˜¢ğŸ˜¢ğŸ˜¢ğŸ˜¢ğŸ˜…ğŸ˜…ğŸ˜…ğŸ˜…ğŸ˜…ğŸ˜¢ğŸ˜¢ğŸ˜¢ğŸ˜¢ğŸ˜¢ğŸ˜…ğŸ˜…ğŸ˜…ğŸ˜…ğŸ˜…ğŸ˜…ğŸ‰ğŸ‰ğŸ‰ğŸ‰ğŸ‰ğŸ‰ğŸ‰ğŸ‰ğŸ‰ğŸ‰ğŸ‰ğŸ‰ğŸ‰ğŸ‰ğŸ‰ğŸ‰ğŸ‰ğŸ‰ğŸ‰ 18:55,
This episode is very funny ğŸ˜…ğŸ˜‚,this episode is very funny
I love uâ¤â¤â¤â¤â¤â¤â¤â¤â¤â¤â¤â¤â¤â¤â¤â¤â¤ğŸ‰ğŸ‰ğŸ‰ğŸ‰ğŸ‰ğŸ‰ğŸ‰ğŸ‰,i love u
50..15 ......ya kuta wala  music hai ğŸ˜‚ğŸ˜‚ğŸ˜‚,ya kuta wala music hai
Jetha lal ko parisan keliye bagha ka peida he,jetha lal ko parisan keliye bagha ka peida he
15:33 wow ğŸ˜‚ğŸ˜‚ğŸ˜‚,wow
"Ye daya bsdki à¤ªà¤¾à¤–à¤‚à¤¡ ki dukan hai 
Har bat pr science ko fail mankar apni maa ke à¤ªà¤¾à¤–à¤‚à¤¡ ko à¤«à¥ˆà¤²à¤¾à¤¨à¥‡ ka Kam kr Rahi hai ğŸ˜¡ğŸ˜¡

Daya ko es show se nikalkar acha kia",ye daya bsdki ki dukan hai har bat pr science ko fail mankar apni maa ke ko ka kam kr rahi hai daya ko es show se nikalkar acha kia
@aarii_music_beawar,
@aarii_music_bwr,
11:45 chillane ki kya jarurat hai ğŸ˜‚ğŸ˜‚,chillane ki kya jarurat hai
7:47,
Sabki prem kahaniyan sun kar Champak chla muthhi marne ğŸ˜‚ğŸ˜‚,sabki prem kahaniyan sun kar champak chla muthhi marne
First Sohdi sabse jyada sabse jyada bekar 2 theek hai 3 gokuldam mukunda kisan,first sohdi sabse jyada sabse jyada bekar theek hai gokuldam mukunda kisan
1:00:05 maintenance tw diya hi nhi,maintenance tw diya hi nhi
Mujhe toh bhut gussa aa raha bhaga par ğŸ˜¡ğŸ˜¡,mujhe toh bhut gussa aa raha bhaga par
10:30,
JathalalâŒ Problem lalâœ”ï¸,jathalal problem lal
Jethalal- Galti se mistake ho gayi ğŸ˜‚ğŸ˜‚ğŸ˜‚ğŸ˜‚ğŸ˜‚ğŸ˜‚ğŸ˜‚ğŸ˜‚ğŸ˜‚ğŸ˜‚ğŸ˜‚ğŸ˜‚ğŸ˜‚ğŸ˜‚ğŸ˜…ğŸ˜…ğŸ˜…ğŸ˜…ğŸ˜…ğŸ˜…ğŸ˜…ğŸ˜…ğŸ˜…ğŸ˜…ğŸ˜…ğŸ˜…ğŸ˜…ğŸ˜…ğŸ˜…ğŸ˜…ğŸ˜…ğŸ˜…ğŸ˜…ğŸ˜…ğŸ˜…ğŸ˜‚ğŸ˜‚ğŸ˜‚ğŸ˜‚ğŸ˜‚,jethalal galti se mistake ho gayi
This new Sodhi is so so so Cringe ğŸ˜¬,this new sodhi is so so so cringe
"ğŸ˜‚ğŸ˜‚ğŸ˜‚ğŸ˜‚ğŸ˜‚ğŸ˜‚ğŸ˜‚ğŸ˜‚ğŸ˜‚ğŸ˜‚ğŸ˜‚ğŸ˜‚ğŸ˜‚ğŸ˜‚ğŸ˜‚ğŸ˜‚ğŸ˜‚ğŸ˜‚ğŸ˜‚ğŸ˜‚ğŸ˜‚ğŸ˜‚ğŸ˜‚ğŸ˜‚ğŸ˜‚ğŸ˜‚ğŸ˜‚ğŸ˜‚ğŸ˜‚ğŸ˜‚ğŸ˜‚ğŸ˜‚
ğŸ˜‚ğŸ˜‚ğŸ˜‚ğŸ˜‚ğŸ˜‚ğŸ˜‚",
ğŸ˜‚ğŸ˜‚ğŸ˜‚ğŸ˜‚,
18:34,
7:47 ğŸ˜… Magan ğŸ˜‚ğŸ¤£,magan
"18:45pm sat, 31may 2025",pm sat may
Madhavi ki love story sunte hi champalal bhadak utha.. patience toot gaya budhe kağŸ˜‚ğŸ˜‚,madhavi ki love story sunte hi champalal bhadak utha patience toot gaya budhe ka
Worst episode ğŸ˜…,worst episode
Iyer ke liye Babita ne bhookh hadtaal kari thi. ğŸ¤£,iyer ke liye babita ne bhookh hadtaal kari thi
Bagha ki salary Popat Lal se jyada h ğŸ˜‚ esa kse ho skta hai,bagha ki salary popat lal se jyada h esa kse ho skta hai
Iyar aur babita jhute hain car chori ke episode me iyar purpose krta h to wo kya thağŸ˜Š,iyar aur babita jhute hain car chori ke episode me iyar purpose krta h to wo kya tha
Aurat ka chakkar babu bhaiya,aurat ka chakkar babu bhaiya
Bilkul sahi pyar bhoot aisha hi hota he sab kaam ulte hote he fir ğŸ˜‚,bilkul sahi pyar bhoot aisha hi hota he sab kaam ulte hote he fir
Daya aasi over act avaj nikal rahi hai mano abhi bachi hai boring ğŸ‰,daya aasi over act avaj nikal rahi hai mano abhi bachi hai boring
Kon kon mummy ki sath dekh rahe hğŸ˜‚,kon kon mummy ki sath dekh rahe h
Bawri ka chakkar hai ğŸ˜‚ğŸ˜‚ğŸ˜‚,bawri ka chakkar hai
â¤ğŸ˜‚,
12:57 us popatlal,us popatlal
Sirre da fuduu sodi,sirre da fuduu sodi
18:00 maja aayaa popatiyo mast chamakya jethalal ne ğŸ˜‚ğŸ˜‚,maja aayaa popatiyo mast chamakya jethalal ne
Jethalali tum baagu ko ek kheesh ke lagaao sab thik ho jayega double daphol dimag kharab kar diya mera ğŸ˜¡ğŸ˜¡ğŸ™†ğŸ™†,jethalali tum baagu ko ek kheesh ke lagaao sab thik ho jayega double daphol dimag kharab kar diya mera
Bhide ğŸ˜‚ğŸ˜‚,bhide
Jhethalal ğŸ˜‚ğŸ˜‚,jhethalal
44:12 waah kya animation hai ğŸ˜˜ğŸ˜˜ğŸ˜ğŸ˜,waah kya animation hai
Baihil,baihil
43:34  what a chudali face ğŸ˜‚,what a chudali face
Ye sodhi bilkul bakwas hai,ye sodhi bilkul bakwas hai
Jethalal jaisa Mera bhi sem soch hai 56:50,jethalal jaisa mera bhi sem soch hai
ğŸ™ğŸ»ğŸ˜‚ğŸ˜‚ğŸ˜‚â¤â¤â¤,
ğŸ¤£ğŸ¤£ğŸ¤£,
ğŸ˜¢ğŸ˜¢ğŸ˜¢,
B,b
55:51ğŸ˜‚,
Babita iyer ke pyar me pagl thiğŸ˜‚ğŸ˜‚ğŸ˜‚,babita iyer ke pyar me pagl thi
Ye episode bahut funny h ğŸ˜…ğŸ˜‚ğŸ˜‚ğŸ˜‚ğŸ˜‚ğŸ˜‚ğŸ˜‚ğŸ˜‚ğŸ˜‚ğŸ˜‚ğŸ˜‚ğŸ˜‚ğŸ˜‚ğŸ˜‚ğŸ˜‚ğŸ˜‚ğŸ˜‚ğŸ˜‚ğŸ˜‚ğŸ˜‚ğŸ˜‚ğŸ˜‚ğŸ˜‚ğŸ˜‚ğŸ˜‚ğŸ˜‚ğŸ˜‚ğŸ˜‚ğŸ˜‚ğŸ˜‚ haste haste pet dukh gyağŸ˜…ğŸ˜‚ğŸ˜‚ğŸ˜‚ğŸ˜‚ğŸ˜‚ğŸ˜‚,ye episode bahut funny h haste haste pet dukh gya
Jethalal's acting is outstanding unbeatable ğŸ˜‚ğŸ˜‚ğŸ˜‚,jethalals acting is outstanding unbeatable
Votes for champaklal  and daya's mother marriageğŸ˜‚â¤,votes for champaklal and dayas mother marriage
Chalo bhai me chala marne koi aayega ğŸ˜¶,chalo bhai me chala marne koi aayega
Popatlal crying in the cornerğŸ˜’,popatlal crying in the corner
Jab story line ki kami ho ğŸ—£,jab story line ki kami ho
Bkl bagha ğŸ˜­,bkl bagha
Bhaga bhai you're a  danger man,bhaga bhai youre a danger man
Chuna lgwane gya thağŸ˜‚ğŸ˜‚ğŸ˜‚ğŸ˜‚ğŸ˜‚ğŸ˜‚ğŸ˜‚ğŸ˜‚,chuna lgwane gya tha
5:05,
You are looking beautiful in Korean girl style â¤â¤â¤â¤â¤â¤â¤â¤â¤â¤â¤â¤â¤â¤â¤â¤â¤,you are looking beautiful in korean girl style
Iegend magan smiling ğŸ˜‚ğŸ˜‚ğŸ˜‚ğŸ˜‚,iegend magan smiling
Daya bhabi overacting ğŸ‘ğŸ‘ğŸ‘ğŸ‘ğŸ‘ğŸ‘ğŸ‘ğŸ‘ğŸ‘ğŸ‘ğŸ‘ğŸ‘ğŸ‘ğŸ‘ğŸ‘ğŸ‘ğŸ‘ğŸ‘ğŸ‘ğŸ‘ğŸ‘ğŸ‘ğŸ‘ğŸ‘ğŸ‘ğŸ‘ğŸ‘ğŸ‘ğŸ‘ğŸ‘ğŸ‘ğŸ‘ğŸ‘ğŸ‘ğŸ‘ğŸ‘ğŸ‘ğŸ‘ğŸ‘ğŸ‘ğŸ‘Old is gooooodğŸ˜‚,daya bhabi overacting old is goooood
loveria,loveria
Baghedaaaa ğŸ˜‚!!!!,baghedaaaa
Kon kon khana khate hue dekh raha hai,kon kon khana khate hue dekh raha hai
Kon kon khana khate hue dekh raha hain ğŸ‘‡ğŸ»,kon kon khana khate hue dekh raha hain
Jethalal Ko bahi paiso ka nukasan hota hai to mujhe Aisa lagata hai jaise mera nukasan huaa hoğŸ˜‚ğŸ˜‚ğŸ˜‚,jethalal ko bahi paiso ka nukasan hota hai to mujhe aisa lagata hai jaise mera nukasan huaa ho
Sakal not matter. Jisa Iyer Bhai aur babita ji. ğŸ˜‚ğŸ˜‚,sakal not matter jisa iyer bhai aur babita ji
Justice for magan ğŸ˜¢,justice for magan
52:05 Hum sikha denge is dark â˜ ï¸,hum sikha denge is dark
Sab pagal hai,sab pagal hai
57:54 itna kbhi nahi hasaa mai,itna kbhi nahi hasaa mai
11:23 11:31 ea bahat over ho gaya. ase kon society me kisiko bulata hai. Bagha bimar hai mar thodi gaya haiğŸ˜…,ea bahat over ho gaya ase kon society me kisiko bulata hai bagha bimar hai mar thodi gaya hai
Yaaro je sodi ğŸ˜ ğŸ˜¡ğŸ˜ğŸ˜ğŸ˜¤ğŸ˜¤ğŸ˜¡ğŸ˜ğŸ˜ğŸ˜ğŸ˜ğŸ‘ğŸ‘ğŸ‘ğŸ‘ğŸ™,yaaro je sodi
Yeh bkl sodi,yeh bkl sodi
Vaido Bagho Full episode Khai lidho salla e,vaido bagho full episode khai lidho salla e
"Main bhi taarak, Mehta bahut, dekhta.",main bhi taarak mehta bahut dekhta
7:38 cute slap,cute slap
Daya irritating from this episode,daya irritating from this episode
1:50,
Vahiyat acting Daya bakvas,vahiyat acting daya bakvas
Bagha jhantu h,bagha jhantu h
7:47 The devil laugh ğŸ˜‚ğŸ˜‚ğŸ˜…,the devil laugh
Yar jethalal bauhat,yar jethalal bauhat
Daya âŒ 17 dabbo ka full DJ âœ…,daya dabbo ka full dj
55:12 lovearia ğŸ˜‚ğŸ˜‚ 55:25 55:50 ğŸ˜‚ğŸ˜‚,lovearia
56:00 ğŸ˜‚ğŸ˜‚,
3rd class acting of sodhi,rd class acting of sodhi
ğŸ˜Š,
Koi koi jagah ye sab bohot overacting krte h,koi koi jagah ye sab bohot overacting krte h
0.26 jethalal self talks ğŸ˜‚ğŸ˜‚ğŸ˜‚ğŸ˜‚ğŸ˜‚ğŸ˜‚ğŸ˜‚ mst ek no. Ki acting lgti h dilip joshi ji ki ğŸ˜‚ğŸ˜‚ğŸ˜‚ğŸ˜‚ğŸ˜‚,jethalal self talks mst ek no ki acting lgti h dilip joshi ji ki
16:10 ğŸ˜‚ hathi bhai,hathi bhai
35:15 ğŸ˜‚,
"Baga mentally disturbed hai bkl, isko samaj me khula chorna crime hai",baga mentally disturbed hai bkl isko samaj me khula chorna crime hai
37:44,
Really ğŸ˜€ğŸ˜€,really
25:45 waah ğŸ˜‚ğŸ˜‚ğŸ˜‚ mehta sahab,waah mehta sahab
ğŸ‰ 10:38,
Justice for magan ğŸ˜¢,justice for magan
Bhai m ksm se ise dukaan se laat mar k bhar feek du yr ye jethaa h bus aghe ap jante ho,bhai m ksm se ise dukaan se laat mar k bhar feek du yr ye jethaa h bus aghe ap jante ho
56:58 ğŸ˜‚ğŸ˜‚ğŸ˜‚gulab jamun ne ha kaha tha ğŸ˜…ğŸ˜…,gulab jamun ne ha kaha tha
55:50 àªœà«‡àª àª¾àª²àª¾àª².... àª—àª²àª¤à«€ àª¸à«‡ àª®àª¿àª¸à«àªŸà«‡àª• ğŸ˜…ğŸ˜…,
35:15 ğŸ˜‚ğŸ˜…,
Magan ki hasiğŸ˜…,magan ki hasi
ğŸ˜‚ğŸ˜‚ğŸ˜‚,
18:25 Pov: Bagha Earns more than Popatlal ğŸ˜…ğŸ˜‚ Hence proved he have Girlfriend like bawriğŸ˜…and popatlal ğŸ˜…ğŸ˜‚,pov bagha earns more than popatlal hence proved he have girlfriend like bawriand popatlal
54:32 ğŸ˜‚ğŸ˜‚ğŸ˜‚ğŸ˜‚,
50:48 Oy hoyğŸ˜‚,oy hoy
55:50 ğŸ˜‚wah jetha,wah jetha
Ye sodhi ka worst rup hai kya bakwas acting hai asse lag raha hai jabardasti acting acting kr raha hai,ye sodhi ka worst rup hai kya bakwas acting hai asse lag raha hai jabardasti acting acting kr raha hai
5.50 Galti se mistake ho gaya h se ğŸ˜…,galti se mistake ho gaya h se
Aniyon 2025ğŸ˜‚â¤ğŸ‰ğŸ˜¢ğŸ˜®ğŸ˜…ğŸ˜Š,aniyon
7.49 epic funnyğŸ˜‚ğŸ˜‚ğŸ˜‚ğŸ˜‚,epic funny
1.' 06ğŸ˜‚ğŸ˜‚ğŸ˜‚ğŸ˜‚ğŸ˜‚,
"Bhai niche kya likha he,ğŸ˜ ğŸ˜ ğŸ˜ ğŸ˜¤ğŸ˜¤ğŸ˜¤ğŸ˜ ğŸ˜ ğŸ˜ ğŸ˜ ğŸ˜ ğŸ˜ ğŸ˜ ğŸ˜ ğŸ˜ ğŸ˜ ğŸ˜ ğŸ˜ ğŸ˜ ğŸ˜ ğŸ˜ ğŸ˜ ğŸ˜ ğŸ˜ ğŸ˜ ğŸ˜¤ğŸ˜¤ğŸ˜ ğŸ˜ ğŸ˜ ğŸ˜ ğŸ˜ ğŸ˜ ğŸ˜ ğŸ˜ ğŸ˜ ğŸ˜ ğŸ˜ â˜ ï¸â˜ ï¸â˜ ï¸â˜ ï¸â˜ ï¸ğŸ˜ ğŸ˜ â˜ ï¸â˜ ï¸â˜ ï¸â˜ ï¸,,",bhai niche kya likha he
Orecting,orecting
Hamara to popatlal jaisa naseeb hai ğŸ˜Š,hamara to popatlal jaisa naseeb hai
Ye sodi bhot gandha lag rha he yarr...jaise nakli ho ...ğŸ˜‚ğŸ˜‚,ye sodi bhot gandha lag rha he yarrjaise nakli ho
Bagha bhaga mat karo ğŸ˜‚ğŸ˜‚ğŸ˜‚,bagha bhaga mat karo
Kon Kon bagha ko galiya Dena chahta Hai or de bhi raha hai,kon kon bagha ko galiya dena chahta hai or de bhi raha hai
24:22 ğŸ˜‚ğŸ˜‚,
24:22 sandwich ğŸ¥ª dhokla ğŸ˜…ğŸ˜…ğŸ˜…ğŸ˜…ğŸ˜…ğŸ˜…,sandwich dhokla
"54:21 I heard it as ""gand""ğŸ˜‚",i heard it as gand
à¤…à¤¬à¥‡ à¤¯à¤¾à¤° à¤‡à¤¸à¤•à¥€ à¤­à¥€ à¤•à¥‹à¤ˆ à¤¨à¤¾ à¤•à¥‹à¤ˆ à¤¬à¤‚à¤¦à¥‡ à¤¹à¤®à¤¾à¤°à¥€ à¤•à¤¬ à¤¬à¤¨à¥‡à¤—à¥€ à¤¯à¤¾à¤°,
54.14 best scene,best scene
56:48 yeh kya bol diyaa iyer ne ğŸ˜…ğŸ˜…ğŸ˜…ğŸ˜…ğŸ˜‚ğŸ˜‚,yeh kya bol diyaa iyer ne
popatlal jealous ğŸ˜…ğŸ˜…ğŸ˜…,popatlal jealous
58:34 bapuji ne jethala ki baki kuchi ijat bacha li ğŸ˜‚ğŸ˜‚ğŸ˜‚,bapuji ne jethala ki baki kuchi ijat bacha li
à¤¬à¤¾à¤—à¤¾à¤•à¥‹ à¤¦à¤£à¤•à¤¾ à¤šà¤¾à¤¹à¤¿à¤.,
Popat ko Kuch Nahi Hua 16:41,popat ko kuch nahi hua
Madhvi be like:  shadi ke bad ye khud balo gajra lagaya karte the ğŸ˜…ğŸ˜‚,madhvi be like shadi ke bad ye khud balo gajra lagaya karte the
24:41 Fake phone ğŸ˜‚ğŸ˜‚ğŸ˜‚...,fake phone
"8:39 Yeh duniya hai ek jungle 
Aur mai hun bhola sasa
Aap ho mere tarnhar
Aapke charno mein mai bassa ğŸ˜‚ğŸ˜‚",yeh duniya hai ek jungle aur mai hun bhola sasa aap ho mere tarnhar aapke charno mein mai bassa
26.9 ğŸ˜‚ğŸ˜‚,
https://www.youtube.com/playlist?list=PLPbh-P_C0BzSKo8X_EiY0WewaBlNt49g3,
ğŸ˜‚ğŸ˜‚ğŸ˜‚ğŸ˜‚ğŸ˜‚,
"183,600",
56:49 arey wahh,arey wahh
Jo log 2025 mai dekh rahe hai like karoâ¤.....,jo log mai dekh rahe hai like karo
Bagha ka pyar jethalal ko mhanga pd gya ğŸ˜…,bagha ka pyar jethalal ko mhanga pd gya
18:49 that time babu ji wrong ğŸ¤¡,that time babu ji wrong
Jethalal is. Very very funny ğŸ˜…,jethalal is very very funny
56:48 CHAL JHOOTA,chal jhoota
Bbbhhhhhhhhhhhhh,bbbhhhhhhhhhhhhh
Ep 2553,ep
11:08 Daya Rock ğŸ¤˜ jetha shokeğŸ˜®,daya rock jetha shoke
"49:00 bagah Daya ko garden le Jake itne samay Aram se kyağŸ˜‚
Aram Mila isiliye Daya aake baki mahilaye ko le ja raha hai taki unko v Aram mileğŸ˜‚ğŸ˜‚ğŸ˜‚",bagah daya ko garden le jake itne samay aram se kya aram mila isiliye daya aake baki mahilaye ko le ja raha hai taki unko v aram mile
Sodhi s because hua ameğŸ˜‚,sodhi s because hua ame
Yaar ye bhaga tak ko gf mil gayi ğŸ˜¢..ham hi log nalla rah gye ğŸ˜¢,yaar ye bhaga tak ko gf mil gayi ham hi log nalla rah gye
à¤¯à¥‡ à¤¬à¤¾à¤µà¤°à¥€ à¤¤à¥‹  **à¤µà¤¡à¥€ à¤¹à¥ˆà¥¤ğŸ˜‚ğŸ˜‚ğŸ˜‚,
ğŸ˜‚ğŸ˜‚ğŸ˜‚ğŸ˜‚ğŸ˜‚ğŸ˜‚,
Lol 17:52 ğŸ˜‚ğŸ˜‚,lol
We even got Magan laughing before GTA 6 ğŸ˜‚ğŸ˜‚,we even got magan laughing before gta
ğŸ¤£ğŸ¤£ğŸ˜‚ğŸ˜‚ğŸ¤£ğŸ˜‚ğŸ¤£ğŸ˜‚ğŸ¤£ğŸ˜‚ğŸ¤£ğŸ˜‚ğŸ¤£ğŸ˜‚ğŸ¤£ğŸ˜‚ğŸ¤£ğŸ˜‚ğŸ¤£ğŸ˜‚ğŸ¤£ğŸ˜‚ğŸ¤£ğŸ˜‚ğŸ¤£ğŸ˜‚ğŸ¤£ğŸ˜œğŸ¤£ğŸ˜‚ğŸ¤£ğŸ˜‚ğŸ¤£ğŸ˜‚ğŸ¤£ğŸ˜†ğŸ¤£ğŸ¤£ğŸ˜‚ğŸ˜‚ğŸ¤£ğŸ˜†ğŸ˜‚ğŸ¤£ğŸ¤£ğŸ˜‚ğŸ˜‚ğŸ¤£ğŸ¤£ğŸ˜‚ğŸ˜‚ğŸ¤£ğŸ˜‚ğŸ˜‚ğŸ˜‚ğŸ¤£ğŸ¤£ğŸ¤£ğŸ˜©,
Maa bhi bewkuf beta chor topibaz or beti bewkuf ğŸ˜‚ğŸ˜‚,maa bhi bewkuf beta chor topibaz or beti bewkuf
à¤¦à¥à¤¨à¤¿à¤¯à¤¾ à¤•à¥‡ à¤¸à¤¾à¤°à¥‡ à¤¬à¥‡à¤µà¤•à¥‚à¤« à¤œà¥‡à¤ à¤¾ à¤•à¥‹ à¤®à¤¿à¤²à¥‡ à¤¸à¥à¤‚à¤¦à¤° à¤¬à¤¾à¤˜à¤¾ à¤¨à¤Ÿà¥à¤Ÿà¥‚ à¤•à¤¾à¤•à¤¾ à¤¦à¤¯à¤¾ à¤¬à¤¾à¤µà¤°à¥€ğŸ˜‚,
à¤­à¤¿à¤¡à¥‡ - à¤†à¤ªà¤¨à¥‡ à¤‰à¤¸à¥à¤•à¤¾ à¤ªà¤°à¥à¤¸ à¤šà¥‡à¤• à¤•à¤¿à¤¯à¤¾ à¤¹à¥‹à¤—à¤¾ ğŸ¤£ğŸ¤£,
4:00,
57:57ğŸ˜‚ğŸ˜‚ğŸ˜‚ğŸ˜‚ğŸ˜‚,
56:48ğŸ˜‚ğŸ˜‚ğŸ˜‚ğŸ˜‚ğŸ˜‚ğŸ˜‚ğŸ˜‚,
55:50,
57:08  meh thera randwa ğŸ˜¢ğŸ˜¢ğŸ˜¢main kya sunao,meh thera randwa main kya sunao
Roshan Singh Sodhi acting ğŸ¤¡ğŸ¤¡ğŸ¤¡,roshan singh sodhi acting
44:09 44:11 â¤â¤â¤â¤â¤â¤â¤â¤â¤â¤â¤â¤â¤â¤â¤â¤,
Magan ki Hassi ğŸ˜‚ğŸ˜‚ğŸ˜‚ğŸ˜‚ğŸ˜‚ğŸ˜‚ğŸ˜‚ğŸ˜‚ğŸ˜‚ğŸ˜‚,magan ki hassi
Ye abdul to gobar uthane ke hi layak hai,ye abdul to gobar uthane ke hi layak hai
Has has ke pagal hone vala hu ğŸ˜…ğŸ˜…ğŸ˜…ğŸ˜‚ğŸ˜‚ğŸ˜‚,has has ke pagal hone vala hu
21:53 did anyone notice Dr Hathi's shirt inside his house and when he steps outside his house ??,did anyone notice dr hathis shirt inside his house and when he steps outside his house
Ye soddi bahut bekar hai,ye soddi bahut bekar hai
"THIS SODHI IS THE WORST ACTOR IN THIS ENTIRE UNIVERSE. MOST IRRITATING EVER, ONLY ONE THING BALLE BALLE STARTING IN EVERY MOMENT ğŸ¤£ğŸ¤£",this sodhi is the worst actor in this entire universe most irritating ever only one thing balle balle starting in every moment
LotğŸ˜‚ğŸ˜‚ğŸ˜‚,lot
Jethalal - Galti se mistake ho gayi se ğŸ˜…ğŸ˜…,jethalal galti se mistake ho gayi se
Kis kis ko bhaga bkl pe gussa aa rha hai,kis kis ko bhaga bkl pe gussa aa rha hai
56:55 lekin ek episode me to iyer ne bataya ki usne purpose kiya thağŸ˜…,lekin ek episode me to iyer ne bataya ki usne purpose kiya tha
Jetha was saying Najar utaar nahin hai ya sabji banani haiğŸ˜‚,jetha was saying najar utaar nahin hai ya sabji banani hai
16:20 hathi bhai's punch,hathi bhais punch
Etne lambhi  bal thiğŸ˜‚ğŸ˜‚ğŸ˜‚ğŸ˜‚funny,etne lambhi bal thifunny
https://youtu.be/iFitN7jESns?si=d7w6XzUn3RcccKAb,
18:52,
56:47 idli iyarğŸ˜¡ğŸ˜¡ğŸ˜¡ğŸ˜¡,idli iyar
Shuru shuru me ye balome gajra lagate theğŸ˜‚ ğŸ˜‚,shuru shuru me ye balome gajra lagate the
ğŸ˜ğŸ˜‚ğŸ˜ğŸ˜‚ 4:08,
ğŸ˜‚ğŸ˜‚ğŸ‰ğŸ‰ 2:57,
57:55 best scene....Tab itne lambe baal theğŸ¤£ğŸ¤£ğŸ¤£,best scenetab itne lambe baal the
Bagha is soooo irritating,bagha is soooo irritating
--------------------------------------------------------------------,
Popatlal ğŸ˜‚,popatlal
Mai,mai
32:51 ae sab andhvishwas hai.,ae sab andhvishwas hai
23:38 Daya ji vigyan rukta nahi.,daya ji vigyan rukta nahi
ğŸ˜¢ğŸ˜¢ğŸ˜¢ğŸ˜¢ğŸ˜¢ğŸ˜¢ğŸ˜¢ğŸ˜¢ğŸ˜¢ğŸ˜¢ğŸ˜¢ğŸ˜¢ğŸ˜¢ğŸ˜¢ğŸ˜¢ğŸ˜¢ğŸ˜¢ğŸ˜¢ğŸ˜¢ğŸ˜¢ğŸ˜¢ğŸ˜¢ğŸ˜¢ğŸ˜¢ğŸ˜¢ğŸ˜¢ğŸ˜¢ğŸ˜¢ğŸ‰ğŸ‰ğŸ‰ğŸ˜‚ğŸ˜‚â¤â¤â¤ğŸ˜‚ğŸ˜¢ğŸ˜¢ğŸ˜¢ğŸ˜®ğŸ˜®ğŸ˜…ğŸ˜…ğŸ˜…ğŸ˜…ğŸ˜ŠğŸ˜Š,
à¤§à¥à¤†à¤‚à¤§à¤¾à¤° batting ğŸ˜‚,batting
bagha ka bakwas koun koun ignor krta hğŸ˜…,bagha ka bakwas koun koun ignor krta h
44:34 Bagha ke dil main laddu futa hağŸ˜‚ğŸ˜‚ğŸ˜‚ğŸ˜‚,bagha ke dil main laddu futa ha
57:54 Comedy Starts here ğŸ˜‚ğŸ¤£,comedy starts here
55:50 Galti se Mistake ho gayi seğŸ˜‚,galti se mistake ho gayi se
Extreme over acting by daya ğŸ˜¡ğŸ˜¡,extreme over acting by daya
Ye wala sodhi jayada larchat ke tarah kar rha h,ye wala sodhi jayada larchat ke tarah kar rha h
ğŸ˜‚ğŸ˜‚ğŸ˜‚,
Bagha aur nattu ko gussa kisko kisko aata hai ğŸ˜¡ğŸ˜¡ğŸ˜¡,bagha aur nattu ko gussa kisko kisko aata hai
I hate my mind in this episode ğŸ˜…,i hate my mind in this episode
57:56 most funny clip in this episode ğŸ¤£ğŸ¤£,most funny clip in this episode
A sodi chusa hua aamğŸ˜‚ğŸ˜‚,a sodi chusa hua aam
Bawri ne bagha ka system hila diyağŸ¤£ğŸ¤£ğŸ¤£ğŸ¤£,bawri ne bagha ka system hila diya
ğŸ˜‚ğŸ˜‚,
Popatlal tu kyo jal raha hai ğŸ¤£,popatlal tu kyo jal raha hai
Bhaut hi bakwas episode ğŸ˜¢,bhaut hi bakwas episode
58:20 BEST,best
Ha bhai ye episode me gussa a gaya thağŸ˜¢ğŸ˜¢ğŸ˜­ğŸ˜­,ha bhai ye episode me gussa a gaya tha
Ma tu kuch or he samajh raha ğŸ™‰ ba,ma tu kuch or he samajh raha ba
ğŸ˜‚,
à¤Ÿà¥€à¤ªà¥‡à¤‚à¤¦à¥à¤° à¤¦à¤¯à¤¾à¤²à¤¾à¤² à¤œà¥‡à¤ à¤¾à¤²à¤¾à¤² à¤šà¤‚à¤ªà¤•à¤²à¤¾à¤² à¤œà¤¯à¤‚à¤¤à¥€à¤²à¤¾à¤² à¤—à¤¡à¤¾ à¤‡à¤²à¥‡à¤•à¥à¤Ÿà¥à¤°à¥‰à¤¨à¤¿à¤•ğŸ˜‚,
Bagha Ka Theme Mast Hai ğŸ˜‚,bagha ka theme mast hai
56:50 kya yaar kuch bhi,kya yaar kuch bhi
Mujhe to Baga and à¤¸à¥à¤‚à¤¦à¤°à¤²à¤¾à¤² à¤•à¥€ à¤à¤•à¥à¤Ÿà¤¿à¤‚à¤— boring lagati hai,mujhe to baga and boring lagati hai
56:50ğŸ˜‚ğŸ˜‚ğŸ˜‚ğŸ˜‚ğŸ˜‚ğŸ˜‚,
55:59 popat lal expressions ğŸ˜‚,popat lal expressions
Es apisod me shodhi ka moment achha nhi h,es apisod me shodhi ka moment achha nhi h
Wo sb thikk h 50 hzar wps aaye ki ni?,wo sb thikk h hzar wps aaye ki ni
"Most OverActing Aur Irritative DAYA, BAPUJI, BAGHA ğŸ«£ğŸ«£",most overacting aur irritative daya bapuji bagha
7.38 cute slap,cute slap
Daya and uski maa sbse bade notunki and andhwishwasi...,daya and uski maa sbse bade notunki and andhwishwasi
Bhaga jise ladki ki bhi girlfriend hai or mere nahi hai ğŸ˜­ğŸ˜‚,bhaga jise ladki ki bhi girlfriend hai or mere nahi hai
13:05,
24:42 did you notice jab Daya uski ma SE bat Kar rahi tab voice record on hey,did you notice jab daya uski ma se bat kar rahi tab voice record on hey
Bol naa re harami ğŸ˜‚,bol naa re harami
Bagha jesa koi nahiğŸ˜‚ğŸ˜‚ğŸ˜‚,bagha jesa koi nahi
irritating,irritating
Hathi bhai be likeğŸ˜‚ Upar Chale GayeğŸ˜…,hathi bhai be like upar chale gaye
"41:55 Aapko Love marriage pasand hai ya Arrange marriage?
Bagha : Mujhe dono ka experience nahi haiğŸ˜…ğŸ¤£ğŸ¤£",aapko love marriage pasand hai ya arrange marriage bagha mujhe dono ka experience nahi hai
"Produced By: Neela Asit Modi, Asit Kumarr Modi 
Special Thanks: Mahesh Vakil, Indu Tarak Mehta
Set Design: Jayant Deshmukh
On-Air Promotion  ( SAB): SAB OAP
Costume Designer: Alka Mehta
Costume Stylist: Ekta Brahmbhatt
Cameraman: Aamir Virani
Production Head: Arvind Marchande
Production Controler: Vinod Shishupal
Background Music: Sunil Patni
Online Editors: Vishal Tambe, Sandeep Singh 
Executive Producer: Jatin Yogesh Bajaj
Editor: Dinesh Gosavi, Kaushal Mistry, Devang Modi, Vinod Maurya
Creative Supervision: Krunal Khakhkhar
Operation Head: Sohil Ramani
Written By: Raju Odedra & Rajen Upadhyay
Directors: Harshad Joshi, Malav Suresh Rajda

Television Adaptation and Designed By: Asit Kumarr Modi

More Useful Links :
Like us on Facebook : Â Â Â /Â tmkoc.sabtvÂ Â 
Follow us on Instagram : Â Â Â /Â taarakmehtakaooltahcha...Â Â 
Follow us on Twitter : Â Â Â /Â tmkoc_ntfÂ Â 
Visit us at : http://www.tmkoc.com

#tmkoc #taarakmehta #tmkocsmileofindia",produced by neela asit modi asit kumarr modi special thanks mahesh vakil indu tarak mehta set design jayant deshmukh onair promotion sab sab oap costume designer alka mehta costume stylist ekta brahmbhatt cameraman aamir virani production head arvind marchande production controler vinod shishupal background music sunil patni online editors vishal tambe sandeep singh executive producer jatin yogesh bajaj editor dinesh gosavi kaushal mistry devang modi vinod maurya creative supervision krunal khakhkhar operation head sohil ramani written by raju odedra rajen upadhyay directors harshad joshi malav suresh rajda television adaptation and designed by asit kumarr modi more useful links like us on facebook tmkocsabtv follow us on instagram taarakmehtakaooltahcha follow us on twitter tmkocntf visit us at tmkoc taarakmehta tmkocsmileofindia
"About Taarak Mehta Ka Ooltah Chashmah:
--------------------------------------------------------------------
The show is inspired from the famous humorous column 'Duniya Ne Undha Chasma' written by the eminent Gujarati writer Mr. Tarak Mehta. This story revolves around daily happenings in ""Gokuldham Co-operative Society"" and covers topical issues which are socially relevant. The show predominantly - revolves around 'Jethalal' who is an uneducated Gujarati businessman. Your 'Taarak Mehta', is his neighbor. 'Jethalal' finds a friend and philosopher in 'Taarak Mehta' and often goes to him for advice whenever he is in trouble. Jethalaal's family includes his simpleton wife 'Daya Ben' and a mischievous son 'Tapu'. Tapu is a menace and a constant source of trouble to all the members of Gokuldham. They have often warned 'Jethalal' to reform 'Tapu' or else be prepared to leave the premises. Lost hopes of being heard by his son push Jethalal' to call his father 'Champaklal' from the village. This was his great idea of leashing some control over the mischievous Tapu. The opposite happens and the grandfather joins hands with the grandson to make life a roller coaster troublesome ride for Jethalal.

Cast:
---------
Dilip Joshi as Jethalal Champaklal Gada
Disha Vakani as Daya Jethalal Gada
Nitish Bhaluni / Raj Anadkat / Bhavya Gandhi as Tipendra Jethalal Gada (Tapu) 
Amit Bhatt as Champaklal Jayantilal",about taarak mehta ka ooltah chashmah the show is inspired from the famous humorous column duniya ne undha chasma written by the eminent gujarati writer mr tarak mehta this story revolves around daily happenings in gokuldham cooperative society and covers topical issues which are socially relevant the show predominantly revolves around jethalal who is an uneducated gujarati businessman your taarak mehta is his neighbor jethalal finds a friend and philosopher in taarak mehta and often goes to him for advice whenever he is in trouble jethalaals family includes his simpleton wife daya ben and a mischievous son tapu tapu is a menace and a constant source of trouble to all the members of gokuldham they have often warned jethalal to reform tapu or else be prepared to leave the premises lost hopes of being heard by his son push jethalal to call his father champaklal from the village this was his great idea of leashing some control over the mischievous tapu the opposite happens and the grandfather joins hands with the grandson to make life a roller coaster troublesome ride for jethalal cast dilip joshi as jethalal champaklal gada disha vakani as daya jethalal gada nitish bhaluni raj anadkat bhavya gandhi as tipendra jethalal gada tapu amit bhatt as champaklal jayantilal
29:10 is very nice ğŸ˜‚ğŸ˜‚ğŸ˜‚ğŸ˜‚,is very nice
",,",
YE SODHI WALA ACTINGğŸ¤¡,ye sodhi wala acting
58:24 bapuji ka khara hogyağŸ˜‚ğŸ˜‚,bapuji ka khara hogya
Dr.Hathi have didn't stripped shirt when in home but when he came out after checking bagha there was,drhathi have didnt stripped shirt when in home but when he came out after checking bagha there was
Q,q
Ye Iyer or popatlal ko society se koi nekal kyu nehi deta hai most 3rd class hai,ye iyer or popatlal ko society se koi nekal kyu nehi deta hai most rd class hai
â¤â¤â¤â¤â¤ğŸ‰ğŸ˜‚,
Done baga,done baga
What is a Masala shampu ğŸ˜„ğŸ˜„ğŸ˜„ğŸ˜„ğŸ˜„ğŸ˜„ğŸ˜„ğŸ˜„ğŸ˜„ğŸ˜„ğŸ˜„ğŸ˜„ğŸ˜„ğŸ˜„ğŸ˜„ğŸ˜„ğŸ˜„ ğŸ¤­ğŸ¤­ğŸ¤­ğŸ¤­ğŸ¤­ğŸ¤­ğŸ¤­ğŸ˜¬ğŸ¤­ğŸ¤­ğŸ¤­ğŸ¤­ğŸ¤­ğŸ¤­ğŸ¤­ğŸ¤­,what is a masala shampu
Babita ka divana Jathalal â¤ â¤ â¤ â¤ â¤ â¤ â¤ â¤ â¤ â¤ â¤ â¤ â¤,babita ka divana jathalal
", ka ğŸ˜¢ğŸ˜…",ka
Super ğŸ˜‚,super
6:56 jo fata na jetha lal ka ğŸ˜‚ğŸ˜‚ğŸ˜‚,jo fata na jetha lal ka
Yeh Aiyyar Babita ko Aur Bhide Madhvi ko deserve hi nai karta,yeh aiyyar babita ko aur bhide madhvi ko deserve hi nai karta
Dil Gayab Hogay Hai ğŸ˜‚,dil gayab hogay hai
â¤â¤â¤,
47:29 47:31 47:31 47:31 47:31 47:32 47:32 47:32 47:32 47:34,
Sodhi over acting not good acting ğŸ˜…,sodhi over acting not good acting
--------------------------------------- nothing ğŸ˜‚ğŸ˜‚ğŸ˜‚,nothing
9:50 what is bagha doingğŸ˜‚ğŸ˜‚ğŸ˜‚ğŸ˜‚,what is bagha doing
Ye baga jaise ko nikal do kam se pagal kahi ka ğŸ˜‚ğŸ˜‚,ye baga jaise ko nikal do kam se pagal kahi ka
--------------------------------------------------------------------,
Bagha is so irretated,bagha is so irretated
26:43 ğŸ˜‚ğŸ‘ ğŸ˜‚ğŸ¤£ğŸ¤£ğŸ¤£,
Ye saab fek hai daya ki mami ka batayahuwa tarika ğŸ˜‚,ye saab fek hai daya ki mami ka batayahuwa tarika
Kaass yeh jethalal jese log milte jo apne staffs ko itna pyar karte warna dusre toh dekhe vi nah pal mey stafss change kar lengeeeğŸ˜¢,kaass yeh jethalal jese log milte jo apne staffs ko itna pyar karte warna dusre toh dekhe vi nah pal mey stafss change kar lengeee
bawripunch ğŸ˜…,bawripunch
Ya kha bat huya baga propose bawri ya baga propose bawri kue baga ghutnoma bathaga bhai .or why he must look good palasai pasant ha to .,ya kha bat huya baga propose bawri ya baga propose bawri kue baga ghutnoma bathaga bhai or why he must look good palasai pasant ha to
Missing old sodi ğŸ˜¥ğŸ˜¥ğŸ˜¥,missing old sodi
Ye shodi ko dekh kar Sara mood kharab ho gaya,ye shodi ko dekh kar sara mood kharab ho gaya
ğŸ˜‚ğŸ˜‚ğŸ˜‚,
"Majak majak mei bhide ne bahut sahi baat boli 
Doctor hai toh pulse ki jagah purse check kiya hoga ğŸ˜¢",majak majak mei bhide ne bahut sahi baat boli doctor hai toh pulse ki jagah purse check kiya hoga
Ye nakli sodi biklul bekar hai,ye nakli sodi biklul bekar hai
ğŸ˜‚ğŸ˜‚ğŸ˜‚ğŸ˜‚ğŸ˜‚ğŸ˜‚ğŸ˜‚ğŸ˜‚ğŸ˜‚ğŸ¤£ğŸ¤£ğŸ¤£ğŸ¤£ğŸ¤£ğŸ¤£ğŸ¤£ğŸ¤£ğŸ¤£ğŸ¤£ğŸ¤£ğŸ¤£ğŸ¤£ğŸ¤£,
Oo Daya ri ma to phone hi jaldi uthale,oo daya ri ma to phone hi jaldi uthale
55:48 epic scene jethalal ghalti se mistake ho gyee seğŸ˜‚ğŸ˜‚ğŸ˜‚,epic scene jethalal ghalti se mistake ho gyee se
40:57 ye rikshaw wala pinku jesa kyo lgrağŸ˜‚ğŸ˜‚,ye rikshaw wala pinku jesa kyo lgra
"Only jethalal, baaki sab skip haiğŸ˜®",only jethalal baaki sab skip hai
ğŸ˜‚ğŸ˜‚ğŸ˜‚ğŸ˜‚ğŸ˜‚ğŸ˜‚ğŸ˜‚ğŸ˜‚ğŸ˜‚ğŸ˜‚,
Dil bhai ğŸ˜‚ğŸ¤Œ,dil bhai
Babita ki bhuk hadtalğŸ˜‚ğŸ˜‚,babita ki bhuk hadtal
2028 me Deka re.haa huğŸ˜…,me deka rehaa hu
Kis kis ne notice kiya he bawri ka top piche se ganda he .....ğŸ˜‚ğŸ˜‚ Attendance lagaoğŸ‘‡ğŸ‘‡,kis kis ne notice kiya he bawri ka top piche se ganda he attendance lagao
Mast andhasraddha ko badawa dene kam chalu hai,mast andhasraddha ko badawa dene kam chalu hai
Natak hit Babita ke,natak hit babita ke
Old sodhi should be back,old sodhi should be back
à¤¬à¤¾à¤˜à¤¾ à¤­à¤¾à¤ˆ à¤•à¥‹ à¤²à¤¹à¤°à¤¿à¤¯à¤¾ à¤¹à¥‹ à¤—à¤¯à¤¾ à¤¹à¥ˆ ğŸ˜‚ğŸ˜‚ğŸ˜‚,
à¤¬à¤¾à¤˜à¥‹ And à¤¬à¤¾à¤µà¤°à¥€ ğŸ˜‚,and
Bichara jhethalal uski life Mai aise log hai jiski wajeh usko pareshan hona padta hai hamesha or nuksaan bhi hota hai,bichara jhethalal uski life mai aise log hai jiski wajeh usko pareshan hona padta hai hamesha or nuksaan bhi hota hai
Ak no ka faltu episode banaya he time vest kuch majja bhi nahi aya Daya ki over acting or Baga ko to kanke niche Dana chahiye yedi chudika,ak no ka faltu episode banaya he time vest kuch majja bhi nahi aya daya ki over acting or baga ko to kanke niche dana chahiye yedi chudika
Ma,ma
Bapuji is most toxic character and natu baga sunder daya toxicity heâ¤ğŸ˜‚,bapuji is most toxic character and natu baga sunder daya toxicity he
"bagha , nattu kaka , daya are very irritating character of tmkoc",bagha nattu kaka daya are very irritating character of tmkoc
58:00,
58.00,
â¤â¤â¤â¤â¤ good ğŸ‘ jeetala â¤â¤â¤â¤â¤â¤â¤â¤ Mumbai â¤,good jeetala mumbai
ğŸ˜ŠğŸ˜ŠğŸ˜ŠğŸ˜ŠğŸ˜ŠğŸ˜Šâ¤â¤ğŸ˜…ğŸ˜®,
16 July 2024ğŸ‰â¤,july
Kuch bhi,kuch bhi
Baga bhai ko Prem Rog ho gaya haiâ¤â¤ğŸ˜‚ğŸ˜‚,baga bhai ko prem rog ho gaya hai
Ek Lal Gulab phool aur chocolate denaâ¤â¤â¤â¤ğŸ˜‚,ek lal gulab phool aur chocolate dena
Baga ko Tirupati Balaji ke mandir Le Jaaye Prabhu theek kar dengeğŸ˜‚ğŸ˜‚ğŸ˜‚ğŸ‰â¤,baga ko tirupati balaji ke mandir le jaaye prabhu theek kar denge
ğŸ˜‚ğŸ˜‚ğŸ˜‚ğŸ˜‚ğŸ˜‚ğŸ˜ğŸ˜ğŸ˜ğŸ˜ğŸ˜ğŸ‘ğŸ™ğŸ™„ğŸ™„ğŸ˜ğŸ˜ğŸ˜ğŸ˜ğŸ˜ƒğŸ˜ƒğŸ˜ƒğŸ˜±ğŸ˜±ğŸ˜±ğŸ˜±ğŸ˜±ğŸ˜±,
23:37â€“23:42 - Did anyone notice Jethalal's expressions to Daya here ğŸ˜‚ğŸ˜‚ğŸ˜‚,did anyone notice jethalals expressions to daya here
26:10 26:10 26:11 26:11 26:11 26:11 26:11 26:19 26:20 26:20 26:20 26:20 26:20 26:21 26:23 26:23 26:23 26:23 26:23 26:24 26:24 26:24 26:24 26:24 26:25 26:25 26:25 26:25 26:25 26:26 26:26 26:26 26:26 26:26 26:27 26:27 26:27 26:27 26:27 26:28 26:28 26:28 26:28 26:28 26:29 26:29 26:29 26:29 26:29 26:30 26:30 26:30 26:30 26:31 26:31 26:31 26:31 26:32 26:32 26:32 26:32,
"Kya in sab gents ko kaam nahi hota jo har waqt ghar par hi hote hain. Aur jetha ko koi farq nahi pada 50,000 ke loss ka?",kya in sab gents ko kaam nahi hota jo har waqt ghar par hi hote hain aur jetha ko koi farq nahi pada ke loss ka
@12:48 Iyer: Climate b change hai. Scientist ko Climate aur Weather ki difference nhi pata ğŸ˜‚ğŸ˜‚,iyer climate b change hai scientist ko climate aur weather ki difference nhi pata
,nan
,nan
Are ye sunder 1 lakh ka ghutaala krta pr baapuji kabhi kuch nhi bolteğŸ˜…ğŸ˜‚.ye 50k bhi waapas nhi lena chahiye ğŸ˜…ğŸ˜‚,are ye sunder lakh ka ghutaala krta pr baapuji kabhi kuch nhi bolteye k bhi waapas nhi lena chahiye
kon kon ye episode khate hue dekh reh hai,kon kon ye episode khate hue dekh reh hai
Kok Kok 4040 main dekh Raha hai,kok kok main dekh raha hai
Orat ka chakkar babu bhaiya ğŸ˜‚,orat ka chakkar babu bhaiya
9:39 baggha in backside ğŸ˜‚ğŸ˜‚ğŸ˜‚ğŸ˜‚,baggha in backside
ğŸ˜‚ğŸ˜‚ğŸ˜‚ğŸ˜‚ğŸ˜‚,
Kon kon ko old sodi acha lagta tha .,kon kon ko old sodi acha lagta tha
Bhai kon kon ye episode 2024 me dekh raha hai,bhai kon kon ye episode me dekh raha hai
Old is gold new episodes are boring,old is gold new episodes are boring
Aap gentes log ğŸ˜‚ğŸ˜‚ğŸ˜‚,aap gentes log
â¤â¤â¤â¤â¤â¤â¤â¤,
31:38 ğŸ˜‚,
Daya jaise logo ki wajah se desh mei andhvishwas badhta hai. Upar se society wale bhi usko badhawa dete hai.,daya jaise logo ki wajah se desh mei andhvishwas badhta hai upar se society wale bhi usko badhawa dete hai
Legends know bagha is cheating on rukmani ğŸ˜‚ğŸ˜‚,legends know bagha is cheating on rukmani
Is episode mein mahila mandali bhagha ko bj deti hain,is episode mein mahila mandali bhagha ko bj deti hain
First Sochi was first sodhi. Ye new ka maza bilkul nai,first sochi was first sodhi ye new ka maza bilkul nai
Magan is a character manğŸ˜‚ he has some funny vibe.,magan is a character man he has some funny vibe
2029me kon dekh rhaheğŸ˜Š,me kon dekh rhahe
1:34 ğŸ˜‚ğŸ˜‚ğŸ˜‚ğŸ˜‚ğŸ˜‚ğŸ˜‚,
Baga bawri ki wajha se pareshan h,baga bawri ki wajha se pareshan h
Payar ka toffaa,payar ka toffaa
38:47 sundar veera mahan hai kam se kam 50 lakh ka chuna to lagaya hoga,sundar veera mahan hai kam se kam lakh ka chuna to lagaya hoga
Ye shodi kitna pkau he,ye shodi kitna pkau he
Jethalal rack ğŸ˜¡ğŸ˜¡ğŸ˜¡ğŸ˜¡ğŸ˜¡ğŸ˜¡ bagha sack,jethalal rack bagha sack
44:45,
Gajara balome bhide ğŸ˜‚ğŸ˜‚,gajara balome bhide
SodağŸ¥¤ party ho jai freeğŸ†“,soda party ho jai free
This new sodi is too irritating,this new sodi is too irritating
ğŸ˜‚ğŸ˜‚ğŸ˜‚ğŸ˜‚ğŸ˜‚ğŸ˜‚,
ğŸ˜‚ğŸ˜‚,
"Esa naukar ho toh ,malik kiii .....",esa naukar ho toh malik kiii
Woo best of like love friend shipe woo yare best good very nice welldone love smile happy enjoye love smile,woo best of like love friend shipe woo yare best good very nice welldone love smile happy enjoye love smile
"Iloveyou,â™¥ï¸â™¥ï¸â™¥ï¸â™¥ï¸â™¥ï¸â™¥ï¸â™¥ï¸ğŸ’‹ğŸ’‹ğŸ’‹ğŸ’‹ğŸ’‹ğŸ’‹ğŸ’‹",iloveyou
"in our Language, Baga means Gandu",in our language baga means gandu
Rat me kon school jata he ğŸ‘€,rat me kon school jata he
58:19. ğŸ˜‚ğŸ˜‚ğŸ˜‚ğŸ˜‚,
Bekaar episode ğŸ¤¥ğŸ¤¥,bekaar episode
53:10 ğŸ˜…,
50:08 ğŸ˜‚,
24:40  see the mobile screen..!,see the mobile screen
Ja dakba sa hasba ...arakom akta siriyal ...ohh â¤ï¸ ğŸ˜ƒğŸ˜ƒğŸ˜ƒğŸ¤£ğŸ¤£ğŸ¤£ğŸ¤£ğŸ¤£ğŸ¤£,ja dakba sa hasba arakom akta siriyal ohh
â¤â¤â¤,
Anjali looks very nice,anjali looks very nice
Kon kon khate time dekh rha heğŸ˜…,kon kon khate time dekh rha he
àªˆ àª àª“ àª† àª…àª‚àª—à«‡ğŸ˜‚àªŸàª•à«‚àªˆàª†ğŸ‰ğŸ˜‚,
58:05 ğŸ˜‚ğŸ˜‚ğŸ˜‚ğŸ˜‚,
Garden me tapa a tap tapa tap pahele daya phir pure ladies ğŸ˜¢ğŸ˜¢,garden me tapa a tap tapa tap pahele daya phir pure ladies
I love this sodhi no matter what you guys say... he has some of the greatest sodhi scenes ever.,i love this sodhi no matter what you guys say he has some of the greatest sodhi scenes ever
Are bhai 50k ka kya hua ğŸ˜‚ğŸ˜‚,are bhai k ka kya hua
Bakwash,bakwash
59:24  Yar anjali mehta boht sunder hn Yar kisam ma indea awo ga only anjali mehta sa milna ke liy bsssss Jo pasi lg khrch kro ga ma,yar anjali mehta boht sunder hn yar kisam ma indea awo ga only anjali mehta sa milna ke liy bsssss jo pasi lg khrch kro ga ma
Old Sodhi bhai best they ye overacting buhut karta hai ğŸ˜¥,old sodhi bhai best they ye overacting buhut karta hai
37:31 Aare daya bhabhi garden mei mat jaw waha per Rohit Sharma ne jane se mana kia hai,aare daya bhabhi garden mei mat jaw waha per rohit sharma ne jane se mana kia hai
Masala shampoo ğŸ˜‚,masala shampoo
Dilip Joshi Aaye,dilip joshi aaye
"56:48 
Most funny thing ğŸ˜‚",most funny thing
54:59 koi doctor ko bulaoooğŸ˜…,koi doctor ko bulaooo
50:18 â¤â¤â¤â¤â¤,
Ye baga daya bevkuf banane ka kam Karte Hain pagal banaa Re Sabko,ye baga daya bevkuf banane ka kam karte hain pagal banaa re sabko
Koi hazaribag jharkhand barhi se hai to like krooo,koi hazaribag jharkhand barhi se hai to like krooo
11:5,
9.5,
16:18 ğŸ˜‚,
18:04 bagha ka pgar,bagha ka pgar
7:38 cute slapğŸ˜‚ğŸ˜‚,cute slap
BHai wo jethalal ke 50k wapas aaye kya pta hoto comment kro,bhai wo jethalal ke k wapas aaye kya pta hoto comment kro
57:39 kabhi nhiğŸ˜‚ğŸ˜‚,kabhi nhi
Bagha ka pyar =jethalal ko 53 hazar ka jatka ğŸ˜…ğŸ˜…ğŸ˜…ğŸ˜‚ğŸ˜‚ğŸ˜‚ğŸ˜‚ğŸ˜‚,bagha ka pyar jethalal ko hazar ka jatka
à¤¨à¤œà¤° à¤‰à¤¤à¤¾à¤°à¤¨à¥€ à¤¹à¥ˆ à¤¯à¤¾ à¤¸à¤¬à¥à¤œà¥€ à¤¬à¤¨à¤¾à¤¨à¥€ à¤¹à¥ˆ ğŸ˜‚ğŸ˜‚ğŸ˜‚ğŸ˜‚ğŸ˜‚,
07:52ğŸ˜‚ğŸ˜‚,
05:30 f,f
4:00ğŸ˜‚,
Bilkul ye bakwash so hai,bilkul ye bakwash so hai
57:52  ğŸ˜‚ğŸ˜‚ğŸ˜‚ğŸ˜‚ğŸ˜‚ğŸ˜‚,
When iyer said babita ne bhook hartal kiya tha ğŸ˜‚,when iyer said babita ne bhook hartal kiya tha
Sath me katha b lagvana tha ğŸ˜‚ğŸ˜‚ğŸ˜‚,sath me katha b lagvana tha
Yeh babita ji itni hot ğŸ¥µ kyu hai,yeh babita ji itni hot kyu hai
Bagha ka pagar popatlal se jyada hai ğŸ˜‚,bagha ka pagar popatlal se jyada hai
Ye shodi bohat overacting karta hai,ye shodi bohat overacting karta hai
Jethalal - Galti se mistake ho gayi se ğŸ˜…ğŸ˜…,jethalal galti se mistake ho gayi se
Nice,nice
Kya Tapleek Hai Aapkoâ€â¤ğŸ˜‚,kya tapleek hai aapko
ğŸ˜‚ğŸ˜‚,
23:15,
ğŸ˜¢ğŸ˜®ğŸ˜®ğŸ˜¢ğŸ˜®ğŸ˜®ğŸ˜¢ğŸ˜¢ğŸ˜®ğŸ˜¢ğŸ˜¢ğŸ‰ğŸ‰,
ğŸ˜‚ğŸ˜‚ğŸ˜‚ğŸ˜‚ğŸ˜‚,
intresting epi,intresting epi
Love ek good feeling toh hai but yeh akhand chutiyapa hai zindagi khatam is chakkar me,love ek good feeling toh hai but yeh akhand chutiyapa hai zindagi khatam is chakkar me
ğŸ˜‚ğŸ˜‚ğŸ˜‚ğŸ˜‚ğŸ˜‚,
ğŸ˜‚ğŸ˜‚ğŸ˜‚ğŸ˜‚,
Mera haal BHI jetha LAL jaisa hogaya h,mera haal bhi jetha lal jaisa hogaya h
"ye society me kisko kaam dhanda nai hai,sab bc gharpe rehte hain,kuch v ho sab bhaage chale aate hain",ye society me kisko kaam dhanda nai haisab bc gharpe rehte hainkuch v ho sab bhaage chale aate hain
Yrr ye bhaga.. Nattu kaka.. Sundar aur daya jarurt se jada irritate krte hai.. Jethalal ko ...yrritna bhi irritating episode mt bnaya karo ğŸ™ real m.. Gussa aa jata h...,yrr ye bhaga nattu kaka sundar aur daya jarurt se jada irritate krte hai jethalal ko yrritna bhi irritating episode mt bnaya karo real m gussa aa jata h
Only one dollar $ the legend of bhagha ğŸ˜‚ğŸ˜€,only one dollar the legend of bhagha
Jethalaal be like : glti se mistake ho gyi ğŸ˜‚ğŸ˜‚,jethalaal be like glti se mistake ho gyi
legend magan smiling ğŸ˜‚,legend magan smiling
Jb jetha bola ki daya chilla mt logo ko pta chal jaega pr jb hathi bhai ke pass gyi toh itna gala faad faad kr boli sbko pta chal gya ğŸ˜‚ğŸ˜‚ğŸ˜‚ğŸ˜‚,jb jetha bola ki daya chilla mt logo ko pta chal jaega pr jb hathi bhai ke pass gyi toh itna gala faad faad kr boli sbko pta chal gya
Sometimes feels na daya bht nautanki karti thi,sometimes feels na daya bht nautanki karti thi
"03:08 Sallah
04:36 chale
05:43 Cry
05:54 ğŸ˜¢ğŸ˜¢
07:48 Magan Laugh Rocking
31:38 laugh",sallah chale cry magan laugh rocking laugh
ğŸ˜ŠğŸ˜®ğŸ˜®ğŸ‰ğŸ˜‚â¤ğŸ˜‚ğŸ‰ğŸ˜¢ğŸ˜®ğŸ˜®ğŸ˜…ğŸ˜®ğŸ˜¢ğŸ˜‚â¤ğŸ‰ğŸ˜¢ğŸ˜®ğŸ˜…ğŸ˜ŠğŸ˜®ğŸ˜¢ğŸ‰â¤ğŸ˜¢ğŸ˜®ğŸ˜…ğŸ˜ŠğŸ˜ŠğŸ˜ŠğŸ˜Š,
44:18  What a propose style of bawriğŸ˜‚,what a propose style of bawri
Bagha overacting ki dukanğŸ˜‚,bagha overacting ki dukan
ğŸ˜ğŸ˜ğŸ˜ğŸ˜ğŸ˜ğŸ˜ğŸ˜ğŸ˜ğŸ˜ğŸ¤ğŸ¤ğŸ¤,
Sala yeh bagha satia gaya,sala yeh bagha satia gaya
ğŸ‘ğŸ‘â¤â¤,
Aur cooker ka price add nahi kiya,aur cooker ka price add nahi kiya
3rd one please pin broâ¤â¤â¤,rd one please pin bro
â¤,
First view ğŸ‰,first view
