comment,clean_comment,sentiment,score
Without nattu kaka jethalals shop is incomplete ğŸ˜¢,without nattu kaka jethalals shop is incomplete,negative,0.5826106667518616
Bhaga aur nattu kaka main bhohat fark h bagha pe kis kis ko gussa aaraha h,bhaga aur nattu kaka main bhohat fark h bagha pe kis kis ko gussa aaraha h,neutral,0.8427286744117737
Ye bhaga bkl kuch v thik se kaam ny kr ta h,ye bhaga bkl kuch v thik se kaam ny kr ta h,neutral,0.7169037461280823
ğŸ˜‚ğŸ˜‚â¤â¤ğŸ‰ğŸ‰,,neutral,0.0
2025,,neutral,0.0
Hamari mohalle ki sari bhabhiyan bhi humko aise hi chane ke jhand me chadha deti hai humko ğŸ˜…,hamari mohalle ki sari bhabhiyan bhi humko aise hi chane ke jhand me chadha deti hai humko,neutral,0.816476583480835
23:01 ğŸ˜®,,neutral,0.0
57:44 to 58:19 full of comedy scene of bhide and mehtağŸ˜‚ğŸ˜‚ğŸ˜‚ğŸ˜‚ğŸ˜‚ğŸ˜‚ğŸ˜‚,to full of comedy scene of bhide and mehta,neutral,0.6334028840065002
ğŸ˜¢ğŸ˜¢ğŸ˜¢ğŸ˜¢ğŸ˜¢ğŸ˜¢ğŸ˜¢ğŸ˜¢ğŸ˜¢ğŸ˜¢ğŸ˜¢ğŸ˜¢ğŸ˜¢ğŸ˜¢ğŸ˜¢ğŸ˜¢ğŸ˜¢ğŸ˜¢ğŸ˜¢ğŸ˜¢ğŸ˜¢ğŸ˜¢ğŸ˜¢ğŸ˜¢ğŸ˜¢ğŸ˜¢,,neutral,0.0
06:56ğŸ˜‚ğŸ˜‚ğŸ˜‚,,neutral,0.0
Jethalal jesa Seth kaha mile the hyeğŸ˜¢ğŸ˜Š,jethalal jesa seth kaha mile the hye,neutral,0.7725508809089661
Really loved tge way jetha daya and everyone was rensed for bagha,really loved tge way jetha daya and everyone was rensed for bagha,positive,0.9692307710647583
ğŸ˜‚,,neutral,0.0
Babita Iyer k pyaar me bhukhi rahi thi to Iyer ne propose day kyn mnaya?? Iyer ne to propose kiya hi nahi! ğŸ¤£,babita iyer k pyaar me bhukhi rahi thi to iyer ne propose day kyn mnaya iyer ne to propose kiya hi nahi,neutral,0.8731172680854797
54:30 Dil gayab ho gya best reaction by HathiğŸ˜‚,dil gayab ho gya best reaction by hathi,positive,0.5155749320983887
ğŸ˜…ğŸ˜…ğŸ˜…ğŸ˜…ğŸ˜…ğŸ˜…ğŸ˜…ğŸ˜…ğŸ˜…ğŸ˜¢ğŸ˜¢ğŸ˜¢ğŸ˜¢ğŸ˜¢ğŸ˜¢ğŸ˜¢ğŸ˜…ğŸ˜…ğŸ˜…ğŸ˜…ğŸ˜…ğŸ˜¢ğŸ˜¢ğŸ˜¢ğŸ˜¢ğŸ˜…ğŸ˜…ğŸ˜…ğŸ˜…ğŸ˜…ğŸ˜¢ğŸ˜¢ğŸ˜¢ğŸ˜¢ğŸ˜¢ğŸ˜…ğŸ˜…ğŸ˜…ğŸ˜…ğŸ˜…ğŸ˜…ğŸ‰ğŸ‰ğŸ‰ğŸ‰ğŸ‰ğŸ‰ğŸ‰ğŸ‰ğŸ‰ğŸ‰ğŸ‰ğŸ‰ğŸ‰ğŸ‰ğŸ‰ğŸ‰ğŸ‰ğŸ‰ğŸ‰ 18:55,,neutral,0.0
This episode is very funny ğŸ˜…ğŸ˜‚,this episode is very funny,positive,0.9799055457115173
I love uâ¤â¤â¤â¤â¤â¤â¤â¤â¤â¤â¤â¤â¤â¤â¤â¤â¤ğŸ‰ğŸ‰ğŸ‰ğŸ‰ğŸ‰ğŸ‰ğŸ‰ğŸ‰,i love u,positive,0.9391301274299622
50..15 ......ya kuta wala  music hai ğŸ˜‚ğŸ˜‚ğŸ˜‚,ya kuta wala music hai,neutral,0.7397671341896057
Jetha lal ko parisan keliye bagha ka peida he,jetha lal ko parisan keliye bagha ka peida he,neutral,0.766919732093811
15:33 wow ğŸ˜‚ğŸ˜‚ğŸ˜‚,wow,neutral,0.5472747087478638
"Ye daya bsdki à¤ªà¤¾à¤–à¤‚à¤¡ ki dukan hai 
Har bat pr science ko fail mankar apni maa ke à¤ªà¤¾à¤–à¤‚à¤¡ ko à¤«à¥ˆà¤²à¤¾à¤¨à¥‡ ka Kam kr Rahi hai ğŸ˜¡ğŸ˜¡

Daya ko es show se nikalkar acha kia",ye daya bsdki ki dukan hai har bat pr science ko fail mankar apni maa ke ko ka kam kr rahi hai daya ko es show se nikalkar acha kia,neutral,0.6009138226509094
@aarii_music_beawar,,neutral,0.0
@aarii_music_bwr,,neutral,0.0
11:45 chillane ki kya jarurat hai ğŸ˜‚ğŸ˜‚,chillane ki kya jarurat hai,neutral,0.7079185843467712
7:47,,neutral,0.0
Sabki prem kahaniyan sun kar Champak chla muthhi marne ğŸ˜‚ğŸ˜‚,sabki prem kahaniyan sun kar champak chla muthhi marne,neutral,0.7726302146911621
First Sohdi sabse jyada sabse jyada bekar 2 theek hai 3 gokuldam mukunda kisan,first sohdi sabse jyada sabse jyada bekar theek hai gokuldam mukunda kisan,neutral,0.75901859998703
1:00:05 maintenance tw diya hi nhi,maintenance tw diya hi nhi,neutral,0.764201283454895
Mujhe toh bhut gussa aa raha bhaga par ğŸ˜¡ğŸ˜¡,mujhe toh bhut gussa aa raha bhaga par,neutral,0.8085950016975403
10:30,,neutral,0.0
JathalalâŒ Problem lalâœ”ï¸,jathalal problem lal,negative,0.5453041195869446
Jethalal- Galti se mistake ho gayi ğŸ˜‚ğŸ˜‚ğŸ˜‚ğŸ˜‚ğŸ˜‚ğŸ˜‚ğŸ˜‚ğŸ˜‚ğŸ˜‚ğŸ˜‚ğŸ˜‚ğŸ˜‚ğŸ˜‚ğŸ˜‚ğŸ˜…ğŸ˜…ğŸ˜…ğŸ˜…ğŸ˜…ğŸ˜…ğŸ˜…ğŸ˜…ğŸ˜…ğŸ˜…ğŸ˜…ğŸ˜…ğŸ˜…ğŸ˜…ğŸ˜…ğŸ˜…ğŸ˜…ğŸ˜…ğŸ˜…ğŸ˜…ğŸ˜…ğŸ˜‚ğŸ˜‚ğŸ˜‚ğŸ˜‚ğŸ˜‚,jethalal galti se mistake ho gayi,neutral,0.6660988926887512
This new Sodhi is so so so Cringe ğŸ˜¬,this new sodhi is so so so cringe,negative,0.9628376960754395
"ğŸ˜‚ğŸ˜‚ğŸ˜‚ğŸ˜‚ğŸ˜‚ğŸ˜‚ğŸ˜‚ğŸ˜‚ğŸ˜‚ğŸ˜‚ğŸ˜‚ğŸ˜‚ğŸ˜‚ğŸ˜‚ğŸ˜‚ğŸ˜‚ğŸ˜‚ğŸ˜‚ğŸ˜‚ğŸ˜‚ğŸ˜‚ğŸ˜‚ğŸ˜‚ğŸ˜‚ğŸ˜‚ğŸ˜‚ğŸ˜‚ğŸ˜‚ğŸ˜‚ğŸ˜‚ğŸ˜‚ğŸ˜‚
ğŸ˜‚ğŸ˜‚ğŸ˜‚ğŸ˜‚ğŸ˜‚ğŸ˜‚",,neutral,0.0
ğŸ˜‚ğŸ˜‚ğŸ˜‚ğŸ˜‚,,neutral,0.0
18:34,,neutral,0.0
7:47 ğŸ˜… Magan ğŸ˜‚ğŸ¤£,magan,neutral,0.5808046460151672
"18:45pm sat, 31may 2025",pm sat may,neutral,0.7468056678771973
Madhavi ki love story sunte hi champalal bhadak utha.. patience toot gaya budhe kağŸ˜‚ğŸ˜‚,madhavi ki love story sunte hi champalal bhadak utha patience toot gaya budhe ka,neutral,0.8418612480163574
Worst episode ğŸ˜…,worst episode,negative,0.9564165472984314
Iyer ke liye Babita ne bhookh hadtaal kari thi. ğŸ¤£,iyer ke liye babita ne bhookh hadtaal kari thi,neutral,0.72263103723526
Bagha ki salary Popat Lal se jyada h ğŸ˜‚ esa kse ho skta hai,bagha ki salary popat lal se jyada h esa kse ho skta hai,neutral,0.7548124194145203
Iyar aur babita jhute hain car chori ke episode me iyar purpose krta h to wo kya thağŸ˜Š,iyar aur babita jhute hain car chori ke episode me iyar purpose krta h to wo kya tha,neutral,0.8305875062942505
Aurat ka chakkar babu bhaiya,aurat ka chakkar babu bhaiya,neutral,0.7224128246307373
Bilkul sahi pyar bhoot aisha hi hota he sab kaam ulte hote he fir ğŸ˜‚,bilkul sahi pyar bhoot aisha hi hota he sab kaam ulte hote he fir,neutral,0.7916422486305237
Daya aasi over act avaj nikal rahi hai mano abhi bachi hai boring ğŸ‰,daya aasi over act avaj nikal rahi hai mano abhi bachi hai boring,negative,0.6609074473381042
Kon kon mummy ki sath dekh rahe hğŸ˜‚,kon kon mummy ki sath dekh rahe h,neutral,0.768031895160675
Bawri ka chakkar hai ğŸ˜‚ğŸ˜‚ğŸ˜‚,bawri ka chakkar hai,neutral,0.636765718460083
â¤ğŸ˜‚,,neutral,0.0
12:57 us popatlal,us popatlal,neutral,0.682775616645813
Sirre da fuduu sodi,sirre da fuduu sodi,neutral,0.6669559478759766
18:00 maja aayaa popatiyo mast chamakya jethalal ne ğŸ˜‚ğŸ˜‚,maja aayaa popatiyo mast chamakya jethalal ne,neutral,0.8126847147941589
Jethalali tum baagu ko ek kheesh ke lagaao sab thik ho jayega double daphol dimag kharab kar diya mera ğŸ˜¡ğŸ˜¡ğŸ™†ğŸ™†,jethalali tum baagu ko ek kheesh ke lagaao sab thik ho jayega double daphol dimag kharab kar diya mera,neutral,0.8164578676223755
Bhide ğŸ˜‚ğŸ˜‚,bhide,neutral,0.5930823087692261
Jhethalal ğŸ˜‚ğŸ˜‚,jhethalal,neutral,0.7081218957901001
44:12 waah kya animation hai ğŸ˜˜ğŸ˜˜ğŸ˜ğŸ˜,waah kya animation hai,neutral,0.6933101415634155
Baihil,baihil,neutral,0.6581019163131714
43:34  what a chudali face ğŸ˜‚,what a chudali face,neutral,0.6225004196166992
Ye sodhi bilkul bakwas hai,ye sodhi bilkul bakwas hai,neutral,0.6621171236038208
Jethalal jaisa Mera bhi sem soch hai 56:50,jethalal jaisa mera bhi sem soch hai,neutral,0.7801086902618408
ğŸ™ğŸ»ğŸ˜‚ğŸ˜‚ğŸ˜‚â¤â¤â¤,,neutral,0.0
ğŸ¤£ğŸ¤£ğŸ¤£,,neutral,0.0
ğŸ˜¢ğŸ˜¢ğŸ˜¢,,neutral,0.0
B,b,neutral,0.49644342064857483
55:51ğŸ˜‚,,neutral,0.0
Babita iyer ke pyar me pagl thiğŸ˜‚ğŸ˜‚ğŸ˜‚,babita iyer ke pyar me pagl thi,neutral,0.757702648639679
Ye episode bahut funny h ğŸ˜…ğŸ˜‚ğŸ˜‚ğŸ˜‚ğŸ˜‚ğŸ˜‚ğŸ˜‚ğŸ˜‚ğŸ˜‚ğŸ˜‚ğŸ˜‚ğŸ˜‚ğŸ˜‚ğŸ˜‚ğŸ˜‚ğŸ˜‚ğŸ˜‚ğŸ˜‚ğŸ˜‚ğŸ˜‚ğŸ˜‚ğŸ˜‚ğŸ˜‚ğŸ˜‚ğŸ˜‚ğŸ˜‚ğŸ˜‚ğŸ˜‚ğŸ˜‚ğŸ˜‚ haste haste pet dukh gyağŸ˜…ğŸ˜‚ğŸ˜‚ğŸ˜‚ğŸ˜‚ğŸ˜‚ğŸ˜‚,ye episode bahut funny h haste haste pet dukh gya,neutral,0.6721357107162476
Jethalal's acting is outstanding unbeatable ğŸ˜‚ğŸ˜‚ğŸ˜‚,jethalals acting is outstanding unbeatable,positive,0.9325411915779114
Votes for champaklal  and daya's mother marriageğŸ˜‚â¤,votes for champaklal and dayas mother marriage,neutral,0.8865773677825928
Chalo bhai me chala marne koi aayega ğŸ˜¶,chalo bhai me chala marne koi aayega,neutral,0.75454181432724
Popatlal crying in the cornerğŸ˜’,popatlal crying in the corner,negative,0.561229407787323
Jab story line ki kami ho ğŸ—£,jab story line ki kami ho,neutral,0.8026090264320374
Bkl bagha ğŸ˜­,bkl bagha,neutral,0.628870964050293
Bhaga bhai you're a  danger man,bhaga bhai youre a danger man,negative,0.8567354679107666
Chuna lgwane gya thağŸ˜‚ğŸ˜‚ğŸ˜‚ğŸ˜‚ğŸ˜‚ğŸ˜‚ğŸ˜‚ğŸ˜‚,chuna lgwane gya tha,neutral,0.6762253642082214
5:05,,neutral,0.0
You are looking beautiful in Korean girl style â¤â¤â¤â¤â¤â¤â¤â¤â¤â¤â¤â¤â¤â¤â¤â¤â¤,you are looking beautiful in korean girl style,positive,0.9846664667129517
Iegend magan smiling ğŸ˜‚ğŸ˜‚ğŸ˜‚ğŸ˜‚,iegend magan smiling,positive,0.6225024461746216
Daya bhabi overacting ğŸ‘ğŸ‘ğŸ‘ğŸ‘ğŸ‘ğŸ‘ğŸ‘ğŸ‘ğŸ‘ğŸ‘ğŸ‘ğŸ‘ğŸ‘ğŸ‘ğŸ‘ğŸ‘ğŸ‘ğŸ‘ğŸ‘ğŸ‘ğŸ‘ğŸ‘ğŸ‘ğŸ‘ğŸ‘ğŸ‘ğŸ‘ğŸ‘ğŸ‘ğŸ‘ğŸ‘ğŸ‘ğŸ‘ğŸ‘ğŸ‘ğŸ‘ğŸ‘ğŸ‘ğŸ‘ğŸ‘ğŸ‘Old is gooooodğŸ˜‚,daya bhabi overacting old is goooood,neutral,0.49731123447418213
loveria,loveria,neutral,0.5846365690231323
Baghedaaaa ğŸ˜‚!!!!,baghedaaaa,neutral,0.6249493956565857
Kon kon khana khate hue dekh raha hai,kon kon khana khate hue dekh raha hai,neutral,0.6804447174072266
Kon kon khana khate hue dekh raha hain ğŸ‘‡ğŸ»,kon kon khana khate hue dekh raha hain,neutral,0.6848114132881165
Jethalal Ko bahi paiso ka nukasan hota hai to mujhe Aisa lagata hai jaise mera nukasan huaa hoğŸ˜‚ğŸ˜‚ğŸ˜‚,jethalal ko bahi paiso ka nukasan hota hai to mujhe aisa lagata hai jaise mera nukasan huaa ho,neutral,0.8468175530433655
Sakal not matter. Jisa Iyer Bhai aur babita ji. ğŸ˜‚ğŸ˜‚,sakal not matter jisa iyer bhai aur babita ji,neutral,0.7592726349830627
Justice for magan ğŸ˜¢,justice for magan,neutral,0.765620768070221
52:05 Hum sikha denge is dark â˜ ï¸,hum sikha denge is dark,neutral,0.7590737342834473
Sab pagal hai,sab pagal hai,neutral,0.6168302893638611
57:54 itna kbhi nahi hasaa mai,itna kbhi nahi hasaa mai,neutral,0.7248433232307434
11:23 11:31 ea bahat over ho gaya. ase kon society me kisiko bulata hai. Bagha bimar hai mar thodi gaya haiğŸ˜…,ea bahat over ho gaya ase kon society me kisiko bulata hai bagha bimar hai mar thodi gaya hai,neutral,0.7887614369392395
Yaaro je sodi ğŸ˜ ğŸ˜¡ğŸ˜ğŸ˜ğŸ˜¤ğŸ˜¤ğŸ˜¡ğŸ˜ğŸ˜ğŸ˜ğŸ˜ğŸ‘ğŸ‘ğŸ‘ğŸ‘ğŸ™,yaaro je sodi,neutral,0.6164875030517578
Yeh bkl sodi,yeh bkl sodi,neutral,0.6013594269752502
Vaido Bagho Full episode Khai lidho salla e,vaido bagho full episode khai lidho salla e,neutral,0.8084784150123596
"Main bhi taarak, Mehta bahut, dekhta.",main bhi taarak mehta bahut dekhta,neutral,0.7500342726707458
7:38 cute slap,cute slap,positive,0.7697253227233887
Daya irritating from this episode,daya irritating from this episode,negative,0.9408757090568542
1:50,,neutral,0.0
Vahiyat acting Daya bakvas,vahiyat acting daya bakvas,neutral,0.7442764639854431
Bagha jhantu h,bagha jhantu h,neutral,0.6978722214698792
7:47 The devil laugh ğŸ˜‚ğŸ˜‚ğŸ˜…,the devil laugh,negative,0.4946068823337555
Yar jethalal bauhat,yar jethalal bauhat,neutral,0.7193571329116821
Daya âŒ 17 dabbo ka full DJ âœ…,daya dabbo ka full dj,neutral,0.7831364870071411
55:12 lovearia ğŸ˜‚ğŸ˜‚ 55:25 55:50 ğŸ˜‚ğŸ˜‚,lovearia,positive,0.4987014830112457
56:00 ğŸ˜‚ğŸ˜‚,,neutral,0.0
3rd class acting of sodhi,rd class acting of sodhi,neutral,0.8431140780448914
ğŸ˜Š,,neutral,0.0
Koi koi jagah ye sab bohot overacting krte h,koi koi jagah ye sab bohot overacting krte h,neutral,0.497987300157547
0.26 jethalal self talks ğŸ˜‚ğŸ˜‚ğŸ˜‚ğŸ˜‚ğŸ˜‚ğŸ˜‚ğŸ˜‚ mst ek no. Ki acting lgti h dilip joshi ji ki ğŸ˜‚ğŸ˜‚ğŸ˜‚ğŸ˜‚ğŸ˜‚,jethalal self talks mst ek no ki acting lgti h dilip joshi ji ki,neutral,0.7787107825279236
16:10 ğŸ˜‚ hathi bhai,hathi bhai,neutral,0.6123968362808228
35:15 ğŸ˜‚,,neutral,0.0
"Baga mentally disturbed hai bkl, isko samaj me khula chorna crime hai",baga mentally disturbed hai bkl isko samaj me khula chorna crime hai,negative,0.5164672136306763
37:44,,neutral,0.0
Really ğŸ˜€ğŸ˜€,really,neutral,0.6062542796134949
25:45 waah ğŸ˜‚ğŸ˜‚ğŸ˜‚ mehta sahab,waah mehta sahab,neutral,0.6895623803138733
ğŸ‰ 10:38,,neutral,0.0
Justice for magan ğŸ˜¢,justice for magan,neutral,0.765620768070221
Bhai m ksm se ise dukaan se laat mar k bhar feek du yr ye jethaa h bus aghe ap jante ho,bhai m ksm se ise dukaan se laat mar k bhar feek du yr ye jethaa h bus aghe ap jante ho,neutral,0.7960661053657532
56:58 ğŸ˜‚ğŸ˜‚ğŸ˜‚gulab jamun ne ha kaha tha ğŸ˜…ğŸ˜…,gulab jamun ne ha kaha tha,neutral,0.7569578886032104
55:50 àªœà«‡àª àª¾àª²àª¾àª².... àª—àª²àª¤à«€ àª¸à«‡ àª®àª¿àª¸à«àªŸà«‡àª• ğŸ˜…ğŸ˜…,,neutral,0.0
35:15 ğŸ˜‚ğŸ˜…,,neutral,0.0
Magan ki hasiğŸ˜…,magan ki hasi,neutral,0.6939565539360046
ğŸ˜‚ğŸ˜‚ğŸ˜‚,,neutral,0.0
18:25 Pov: Bagha Earns more than Popatlal ğŸ˜…ğŸ˜‚ Hence proved he have Girlfriend like bawriğŸ˜…and popatlal ğŸ˜…ğŸ˜‚,pov bagha earns more than popatlal hence proved he have girlfriend like bawriand popatlal,neutral,0.7761546969413757
54:32 ğŸ˜‚ğŸ˜‚ğŸ˜‚ğŸ˜‚,,neutral,0.0
50:48 Oy hoyğŸ˜‚,oy hoy,neutral,0.6403086185455322
55:50 ğŸ˜‚wah jetha,wah jetha,neutral,0.6574785113334656
Ye sodhi ka worst rup hai kya bakwas acting hai asse lag raha hai jabardasti acting acting kr raha hai,ye sodhi ka worst rup hai kya bakwas acting hai asse lag raha hai jabardasti acting acting kr raha hai,negative,0.5905010104179382
5.50 Galti se mistake ho gaya h se ğŸ˜…,galti se mistake ho gaya h se,neutral,0.6036494374275208
Aniyon 2025ğŸ˜‚â¤ğŸ‰ğŸ˜¢ğŸ˜®ğŸ˜…ğŸ˜Š,aniyon,neutral,0.5908008813858032
7.49 epic funnyğŸ˜‚ğŸ˜‚ğŸ˜‚ğŸ˜‚,epic funny,positive,0.6898715496063232
1.' 06ğŸ˜‚ğŸ˜‚ğŸ˜‚ğŸ˜‚ğŸ˜‚,,neutral,0.0
"Bhai niche kya likha he,ğŸ˜ ğŸ˜ ğŸ˜ ğŸ˜¤ğŸ˜¤ğŸ˜¤ğŸ˜ ğŸ˜ ğŸ˜ ğŸ˜ ğŸ˜ ğŸ˜ ğŸ˜ ğŸ˜ ğŸ˜ ğŸ˜ ğŸ˜ ğŸ˜ ğŸ˜ ğŸ˜ ğŸ˜ ğŸ˜ ğŸ˜ ğŸ˜ ğŸ˜ ğŸ˜¤ğŸ˜¤ğŸ˜ ğŸ˜ ğŸ˜ ğŸ˜ ğŸ˜ ğŸ˜ ğŸ˜ ğŸ˜ ğŸ˜ ğŸ˜ ğŸ˜ â˜ ï¸â˜ ï¸â˜ ï¸â˜ ï¸â˜ ï¸ğŸ˜ ğŸ˜ â˜ ï¸â˜ ï¸â˜ ï¸â˜ ï¸,,",bhai niche kya likha he,neutral,0.7344281673431396
Orecting,orecting,neutral,0.6431794762611389
Hamara to popatlal jaisa naseeb hai ğŸ˜Š,hamara to popatlal jaisa naseeb hai,neutral,0.765299379825592
Ye sodi bhot gandha lag rha he yarr...jaise nakli ho ...ğŸ˜‚ğŸ˜‚,ye sodi bhot gandha lag rha he yarrjaise nakli ho,neutral,0.7603159546852112
Bagha bhaga mat karo ğŸ˜‚ğŸ˜‚ğŸ˜‚,bagha bhaga mat karo,neutral,0.7521271705627441
Kon Kon bagha ko galiya Dena chahta Hai or de bhi raha hai,kon kon bagha ko galiya dena chahta hai or de bhi raha hai,neutral,0.7844567894935608
24:22 ğŸ˜‚ğŸ˜‚,,neutral,0.0
24:22 sandwich ğŸ¥ª dhokla ğŸ˜…ğŸ˜…ğŸ˜…ğŸ˜…ğŸ˜…ğŸ˜…,sandwich dhokla,neutral,0.6926044225692749
"54:21 I heard it as ""gand""ğŸ˜‚",i heard it as gand,neutral,0.7284453511238098
à¤…à¤¬à¥‡ à¤¯à¤¾à¤° à¤‡à¤¸à¤•à¥€ à¤­à¥€ à¤•à¥‹à¤ˆ à¤¨à¤¾ à¤•à¥‹à¤ˆ à¤¬à¤‚à¤¦à¥‡ à¤¹à¤®à¤¾à¤°à¥€ à¤•à¤¬ à¤¬à¤¨à¥‡à¤—à¥€ à¤¯à¤¾à¤°,,neutral,0.0
54.14 best scene,best scene,positive,0.8408479690551758
56:48 yeh kya bol diyaa iyer ne ğŸ˜…ğŸ˜…ğŸ˜…ğŸ˜…ğŸ˜‚ğŸ˜‚,yeh kya bol diyaa iyer ne,neutral,0.6716752052307129
popatlal jealous ğŸ˜…ğŸ˜…ğŸ˜…,popatlal jealous,negative,0.6578913927078247
58:34 bapuji ne jethala ki baki kuchi ijat bacha li ğŸ˜‚ğŸ˜‚ğŸ˜‚,bapuji ne jethala ki baki kuchi ijat bacha li,neutral,0.7912979125976562
à¤¬à¤¾à¤—à¤¾à¤•à¥‹ à¤¦à¤£à¤•à¤¾ à¤šà¤¾à¤¹à¤¿à¤.,,neutral,0.0
Popat ko Kuch Nahi Hua 16:41,popat ko kuch nahi hua,neutral,0.6765820980072021
Madhvi be like:  shadi ke bad ye khud balo gajra lagaya karte the ğŸ˜…ğŸ˜‚,madhvi be like shadi ke bad ye khud balo gajra lagaya karte the,neutral,0.6338410377502441
24:41 Fake phone ğŸ˜‚ğŸ˜‚ğŸ˜‚...,fake phone,negative,0.7015258073806763
"8:39 Yeh duniya hai ek jungle 
Aur mai hun bhola sasa
Aap ho mere tarnhar
Aapke charno mein mai bassa ğŸ˜‚ğŸ˜‚",yeh duniya hai ek jungle aur mai hun bhola sasa aap ho mere tarnhar aapke charno mein mai bassa,neutral,0.7854737043380737
26.9 ğŸ˜‚ğŸ˜‚,,neutral,0.0
https://www.youtube.com/playlist?list=PLPbh-P_C0BzSKo8X_EiY0WewaBlNt49g3,,neutral,0.0
ğŸ˜‚ğŸ˜‚ğŸ˜‚ğŸ˜‚ğŸ˜‚,,neutral,0.0
"183,600",,neutral,0.0
56:49 arey wahh,arey wahh,neutral,0.6216457486152649
Jo log 2025 mai dekh rahe hai like karoâ¤.....,jo log mai dekh rahe hai like karo,neutral,0.7484443783760071
Bagha ka pyar jethalal ko mhanga pd gya ğŸ˜…,bagha ka pyar jethalal ko mhanga pd gya,neutral,0.808593213558197
18:49 that time babu ji wrong ğŸ¤¡,that time babu ji wrong,negative,0.5840672254562378
Jethalal is. Very very funny ğŸ˜…,jethalal is very very funny,positive,0.9500652551651001
56:48 CHAL JHOOTA,chal jhoota,neutral,0.6537113189697266
Bbbhhhhhhhhhhhhh,bbbhhhhhhhhhhhhh,neutral,0.6189671754837036
Ep 2553,ep,neutral,0.6511536240577698
11:08 Daya Rock ğŸ¤˜ jetha shokeğŸ˜®,daya rock jetha shoke,neutral,0.8577057719230652
"49:00 bagah Daya ko garden le Jake itne samay Aram se kyağŸ˜‚
Aram Mila isiliye Daya aake baki mahilaye ko le ja raha hai taki unko v Aram mileğŸ˜‚ğŸ˜‚ğŸ˜‚",bagah daya ko garden le jake itne samay aram se kya aram mila isiliye daya aake baki mahilaye ko le ja raha hai taki unko v aram mile,neutral,0.8334387540817261
Sodhi s because hua ameğŸ˜‚,sodhi s because hua ame,neutral,0.7419493794441223
Yaar ye bhaga tak ko gf mil gayi ğŸ˜¢..ham hi log nalla rah gye ğŸ˜¢,yaar ye bhaga tak ko gf mil gayi ham hi log nalla rah gye,neutral,0.8111538887023926
à¤¯à¥‡ à¤¬à¤¾à¤µà¤°à¥€ à¤¤à¥‹  **à¤µà¤¡à¥€ à¤¹à¥ˆà¥¤ğŸ˜‚ğŸ˜‚ğŸ˜‚,,neutral,0.0
ğŸ˜‚ğŸ˜‚ğŸ˜‚ğŸ˜‚ğŸ˜‚ğŸ˜‚,,neutral,0.0
Lol 17:52 ğŸ˜‚ğŸ˜‚,lol,neutral,0.5321319699287415
We even got Magan laughing before GTA 6 ğŸ˜‚ğŸ˜‚,we even got magan laughing before gta,neutral,0.6859666109085083
ğŸ¤£ğŸ¤£ğŸ˜‚ğŸ˜‚ğŸ¤£ğŸ˜‚ğŸ¤£ğŸ˜‚ğŸ¤£ğŸ˜‚ğŸ¤£ğŸ˜‚ğŸ¤£ğŸ˜‚ğŸ¤£ğŸ˜‚ğŸ¤£ğŸ˜‚ğŸ¤£ğŸ˜‚ğŸ¤£ğŸ˜‚ğŸ¤£ğŸ˜‚ğŸ¤£ğŸ˜‚ğŸ¤£ğŸ˜œğŸ¤£ğŸ˜‚ğŸ¤£ğŸ˜‚ğŸ¤£ğŸ˜‚ğŸ¤£ğŸ˜†ğŸ¤£ğŸ¤£ğŸ˜‚ğŸ˜‚ğŸ¤£ğŸ˜†ğŸ˜‚ğŸ¤£ğŸ¤£ğŸ˜‚ğŸ˜‚ğŸ¤£ğŸ¤£ğŸ˜‚ğŸ˜‚ğŸ¤£ğŸ˜‚ğŸ˜‚ğŸ˜‚ğŸ¤£ğŸ¤£ğŸ¤£ğŸ˜©,,neutral,0.0
Maa bhi bewkuf beta chor topibaz or beti bewkuf ğŸ˜‚ğŸ˜‚,maa bhi bewkuf beta chor topibaz or beti bewkuf,neutral,0.7668070197105408
à¤¦à¥à¤¨à¤¿à¤¯à¤¾ à¤•à¥‡ à¤¸à¤¾à¤°à¥‡ à¤¬à¥‡à¤µà¤•à¥‚à¤« à¤œà¥‡à¤ à¤¾ à¤•à¥‹ à¤®à¤¿à¤²à¥‡ à¤¸à¥à¤‚à¤¦à¤° à¤¬à¤¾à¤˜à¤¾ à¤¨à¤Ÿà¥à¤Ÿà¥‚ à¤•à¤¾à¤•à¤¾ à¤¦à¤¯à¤¾ à¤¬à¤¾à¤µà¤°à¥€ğŸ˜‚,,neutral,0.0
à¤­à¤¿à¤¡à¥‡ - à¤†à¤ªà¤¨à¥‡ à¤‰à¤¸à¥à¤•à¤¾ à¤ªà¤°à¥à¤¸ à¤šà¥‡à¤• à¤•à¤¿à¤¯à¤¾ à¤¹à¥‹à¤—à¤¾ ğŸ¤£ğŸ¤£,,neutral,0.0
4:00,,neutral,0.0
57:57ğŸ˜‚ğŸ˜‚ğŸ˜‚ğŸ˜‚ğŸ˜‚,,neutral,0.0
56:48ğŸ˜‚ğŸ˜‚ğŸ˜‚ğŸ˜‚ğŸ˜‚ğŸ˜‚ğŸ˜‚,,neutral,0.0
55:50,,neutral,0.0
57:08  meh thera randwa ğŸ˜¢ğŸ˜¢ğŸ˜¢main kya sunao,meh thera randwa main kya sunao,neutral,0.807104766368866
Roshan Singh Sodhi acting ğŸ¤¡ğŸ¤¡ğŸ¤¡,roshan singh sodhi acting,neutral,0.8433845639228821
44:09 44:11 â¤â¤â¤â¤â¤â¤â¤â¤â¤â¤â¤â¤â¤â¤â¤â¤,,neutral,0.0
Magan ki Hassi ğŸ˜‚ğŸ˜‚ğŸ˜‚ğŸ˜‚ğŸ˜‚ğŸ˜‚ğŸ˜‚ğŸ˜‚ğŸ˜‚ğŸ˜‚,magan ki hassi,neutral,0.7388378381729126
Ye abdul to gobar uthane ke hi layak hai,ye abdul to gobar uthane ke hi layak hai,neutral,0.7319315671920776
Has has ke pagal hone vala hu ğŸ˜…ğŸ˜…ğŸ˜…ğŸ˜‚ğŸ˜‚ğŸ˜‚,has has ke pagal hone vala hu,neutral,0.728871762752533
21:53 did anyone notice Dr Hathi's shirt inside his house and when he steps outside his house ??,did anyone notice dr hathis shirt inside his house and when he steps outside his house,neutral,0.9020520448684692
Ye soddi bahut bekar hai,ye soddi bahut bekar hai,neutral,0.6225347518920898
"THIS SODHI IS THE WORST ACTOR IN THIS ENTIRE UNIVERSE. MOST IRRITATING EVER, ONLY ONE THING BALLE BALLE STARTING IN EVERY MOMENT ğŸ¤£ğŸ¤£",this sodhi is the worst actor in this entire universe most irritating ever only one thing balle balle starting in every moment,negative,0.977695643901825
LotğŸ˜‚ğŸ˜‚ğŸ˜‚,lot,neutral,0.5268625617027283
Jethalal - Galti se mistake ho gayi se ğŸ˜…ğŸ˜…,jethalal galti se mistake ho gayi se,neutral,0.6541915535926819
Kis kis ko bhaga bkl pe gussa aa rha hai,kis kis ko bhaga bkl pe gussa aa rha hai,neutral,0.7648404836654663
56:55 lekin ek episode me to iyer ne bataya ki usne purpose kiya thağŸ˜…,lekin ek episode me to iyer ne bataya ki usne purpose kiya tha,neutral,0.8177102208137512
Jetha was saying Najar utaar nahin hai ya sabji banani haiğŸ˜‚,jetha was saying najar utaar nahin hai ya sabji banani hai,neutral,0.8058025240898132
16:20 hathi bhai's punch,hathi bhais punch,neutral,0.7448266744613647
Etne lambhi  bal thiğŸ˜‚ğŸ˜‚ğŸ˜‚ğŸ˜‚funny,etne lambhi bal thifunny,neutral,0.6948546171188354
https://youtu.be/iFitN7jESns?si=d7w6XzUn3RcccKAb,,neutral,0.0
18:52,,neutral,0.0
56:47 idli iyarğŸ˜¡ğŸ˜¡ğŸ˜¡ğŸ˜¡,idli iyar,neutral,0.5571643710136414
Shuru shuru me ye balome gajra lagate theğŸ˜‚ ğŸ˜‚,shuru shuru me ye balome gajra lagate the,neutral,0.8119965195655823
ğŸ˜ğŸ˜‚ğŸ˜ğŸ˜‚ 4:08,,neutral,0.0
ğŸ˜‚ğŸ˜‚ğŸ‰ğŸ‰ 2:57,,neutral,0.0
57:55 best scene....Tab itne lambe baal theğŸ¤£ğŸ¤£ğŸ¤£,best scenetab itne lambe baal the,neutral,0.8010717034339905
Bagha is soooo irritating,bagha is soooo irritating,negative,0.9763023853302002
--------------------------------------------------------------------,,neutral,0.0
Popatlal ğŸ˜‚,popatlal,neutral,0.6287122964859009
Mai,mai,neutral,0.5387192368507385
32:51 ae sab andhvishwas hai.,ae sab andhvishwas hai,neutral,0.714873194694519
23:38 Daya ji vigyan rukta nahi.,daya ji vigyan rukta nahi,neutral,0.7341049313545227
ğŸ˜¢ğŸ˜¢ğŸ˜¢ğŸ˜¢ğŸ˜¢ğŸ˜¢ğŸ˜¢ğŸ˜¢ğŸ˜¢ğŸ˜¢ğŸ˜¢ğŸ˜¢ğŸ˜¢ğŸ˜¢ğŸ˜¢ğŸ˜¢ğŸ˜¢ğŸ˜¢ğŸ˜¢ğŸ˜¢ğŸ˜¢ğŸ˜¢ğŸ˜¢ğŸ˜¢ğŸ˜¢ğŸ˜¢ğŸ˜¢ğŸ˜¢ğŸ‰ğŸ‰ğŸ‰ğŸ˜‚ğŸ˜‚â¤â¤â¤ğŸ˜‚ğŸ˜¢ğŸ˜¢ğŸ˜¢ğŸ˜®ğŸ˜®ğŸ˜…ğŸ˜…ğŸ˜…ğŸ˜…ğŸ˜ŠğŸ˜Š,,neutral,0.0
à¤§à¥à¤†à¤‚à¤§à¤¾à¤° batting ğŸ˜‚,batting,neutral,0.7007064819335938
bagha ka bakwas koun koun ignor krta hğŸ˜…,bagha ka bakwas koun koun ignor krta h,neutral,0.7624858617782593
44:34 Bagha ke dil main laddu futa hağŸ˜‚ğŸ˜‚ğŸ˜‚ğŸ˜‚,bagha ke dil main laddu futa ha,neutral,0.7787988781929016
57:54 Comedy Starts here ğŸ˜‚ğŸ¤£,comedy starts here,neutral,0.8330993056297302
55:50 Galti se Mistake ho gayi seğŸ˜‚,galti se mistake ho gayi se,neutral,0.5876481533050537
Extreme over acting by daya ğŸ˜¡ğŸ˜¡,extreme over acting by daya,negative,0.5194066166877747
Ye wala sodhi jayada larchat ke tarah kar rha h,ye wala sodhi jayada larchat ke tarah kar rha h,neutral,0.7519771456718445
ğŸ˜‚ğŸ˜‚ğŸ˜‚,,neutral,0.0
Bagha aur nattu ko gussa kisko kisko aata hai ğŸ˜¡ğŸ˜¡ğŸ˜¡,bagha aur nattu ko gussa kisko kisko aata hai,neutral,0.8256856799125671
I hate my mind in this episode ğŸ˜…,i hate my mind in this episode,negative,0.9793016910552979
57:56 most funny clip in this episode ğŸ¤£ğŸ¤£,most funny clip in this episode,positive,0.9428472518920898
A sodi chusa hua aamğŸ˜‚ğŸ˜‚,a sodi chusa hua aam,neutral,0.6510090231895447
Bawri ne bagha ka system hila diyağŸ¤£ğŸ¤£ğŸ¤£ğŸ¤£,bawri ne bagha ka system hila diya,neutral,0.7383305430412292
ğŸ˜‚ğŸ˜‚,,neutral,0.0
Popatlal tu kyo jal raha hai ğŸ¤£,popatlal tu kyo jal raha hai,neutral,0.7403687834739685
Bhaut hi bakwas episode ğŸ˜¢,bhaut hi bakwas episode,neutral,0.7953782081604004
58:20 BEST,best,neutral,0.45735740661621094
Ha bhai ye episode me gussa a gaya thağŸ˜¢ğŸ˜¢ğŸ˜­ğŸ˜­,ha bhai ye episode me gussa a gaya tha,neutral,0.7790147066116333
Ma tu kuch or he samajh raha ğŸ™‰ ba,ma tu kuch or he samajh raha ba,neutral,0.7395394444465637
ğŸ˜‚,,neutral,0.0
à¤Ÿà¥€à¤ªà¥‡à¤‚à¤¦à¥à¤° à¤¦à¤¯à¤¾à¤²à¤¾à¤² à¤œà¥‡à¤ à¤¾à¤²à¤¾à¤² à¤šà¤‚à¤ªà¤•à¤²à¤¾à¤² à¤œà¤¯à¤‚à¤¤à¥€à¤²à¤¾à¤² à¤—à¤¡à¤¾ à¤‡à¤²à¥‡à¤•à¥à¤Ÿà¥à¤°à¥‰à¤¨à¤¿à¤•ğŸ˜‚,,neutral,0.0
Bagha Ka Theme Mast Hai ğŸ˜‚,bagha ka theme mast hai,neutral,0.7104516625404358
56:50 kya yaar kuch bhi,kya yaar kuch bhi,neutral,0.6300522089004517
Mujhe to Baga and à¤¸à¥à¤‚à¤¦à¤°à¤²à¤¾à¤² à¤•à¥€ à¤à¤•à¥à¤Ÿà¤¿à¤‚à¤— boring lagati hai,mujhe to baga and boring lagati hai,negative,0.591964066028595
56:50ğŸ˜‚ğŸ˜‚ğŸ˜‚ğŸ˜‚ğŸ˜‚ğŸ˜‚,,neutral,0.0
55:59 popat lal expressions ğŸ˜‚,popat lal expressions,neutral,0.544447660446167
Es apisod me shodhi ka moment achha nhi h,es apisod me shodhi ka moment achha nhi h,neutral,0.781611442565918
Wo sb thikk h 50 hzar wps aaye ki ni?,wo sb thikk h hzar wps aaye ki ni,neutral,0.7874293327331543
"Most OverActing Aur Irritative DAYA, BAPUJI, BAGHA ğŸ«£ğŸ«£",most overacting aur irritative daya bapuji bagha,negative,0.7904751300811768
7.38 cute slap,cute slap,positive,0.7697253227233887
Daya and uski maa sbse bade notunki and andhwishwasi...,daya and uski maa sbse bade notunki and andhwishwasi,neutral,0.8094627857208252
Bhaga jise ladki ki bhi girlfriend hai or mere nahi hai ğŸ˜­ğŸ˜‚,bhaga jise ladki ki bhi girlfriend hai or mere nahi hai,neutral,0.8180516958236694
13:05,,neutral,0.0
24:42 did you notice jab Daya uski ma SE bat Kar rahi tab voice record on hey,did you notice jab daya uski ma se bat kar rahi tab voice record on hey,neutral,0.8693390488624573
Bol naa re harami ğŸ˜‚,bol naa re harami,neutral,0.7289773225784302
Bagha jesa koi nahiğŸ˜‚ğŸ˜‚ğŸ˜‚,bagha jesa koi nahi,neutral,0.6646216511726379
irritating,irritating,negative,0.8425584435462952
Hathi bhai be likeğŸ˜‚ Upar Chale GayeğŸ˜…,hathi bhai be like upar chale gaye,neutral,0.73752760887146
"41:55 Aapko Love marriage pasand hai ya Arrange marriage?
Bagha : Mujhe dono ka experience nahi haiğŸ˜…ğŸ¤£ğŸ¤£",aapko love marriage pasand hai ya arrange marriage bagha mujhe dono ka experience nahi hai,neutral,0.7589560151100159
"Produced By: Neela Asit Modi, Asit Kumarr Modi 
Special Thanks: Mahesh Vakil, Indu Tarak Mehta
Set Design: Jayant Deshmukh
On-Air Promotion  ( SAB): SAB OAP
Costume Designer: Alka Mehta
Costume Stylist: Ekta Brahmbhatt
Cameraman: Aamir Virani
Production Head: Arvind Marchande
Production Controler: Vinod Shishupal
Background Music: Sunil Patni
Online Editors: Vishal Tambe, Sandeep Singh 
Executive Producer: Jatin Yogesh Bajaj
Editor: Dinesh Gosavi, Kaushal Mistry, Devang Modi, Vinod Maurya
Creative Supervision: Krunal Khakhkhar
Operation Head: Sohil Ramani
Written By: Raju Odedra & Rajen Upadhyay
Directors: Harshad Joshi, Malav Suresh Rajda

Television Adaptation and Designed By: Asit Kumarr Modi

More Useful Links :
Like us on Facebook : Â Â Â /Â tmkoc.sabtvÂ Â 
Follow us on Instagram : Â Â Â /Â taarakmehtakaooltahcha...Â Â 
Follow us on Twitter : Â Â Â /Â tmkoc_ntfÂ Â 
Visit us at : http://www.tmkoc.com

#tmkoc #taarakmehta #tmkocsmileofindia",produced by neela asit modi asit kumarr modi special thanks mahesh vakil indu tarak mehta set design jayant deshmukh onair promotion sab sab oap costume designer alka mehta costume stylist ekta brahmbhatt cameraman aamir virani production head arvind marchande production controler vinod shishupal background music sunil patni online editors vishal tambe sandeep singh executive producer jatin yogesh bajaj editor dinesh gosavi kaushal mistry devang modi vinod maurya creative supervision krunal khakhkhar operation head sohil ramani written by raju odedra rajen upadhyay directors harshad joshi malav suresh rajda television adaptation and designed by asit kumarr modi more useful links like us on facebook tmkocsabtv follow us on instagram taarakmehtakaooltahcha follow us on twitter tmkocntf visit us at tmkoc taarakmehta tmkocsmileofindia,neutral,0.9081906080245972
"About Taarak Mehta Ka Ooltah Chashmah:
--------------------------------------------------------------------
The show is inspired from the famous humorous column 'Duniya Ne Undha Chasma' written by the eminent Gujarati writer Mr. Tarak Mehta. This story revolves around daily happenings in ""Gokuldham Co-operative Society"" and covers topical issues which are socially relevant. The show predominantly - revolves around 'Jethalal' who is an uneducated Gujarati businessman. Your 'Taarak Mehta', is his neighbor. 'Jethalal' finds a friend and philosopher in 'Taarak Mehta' and often goes to him for advice whenever he is in trouble. Jethalaal's family includes his simpleton wife 'Daya Ben' and a mischievous son 'Tapu'. Tapu is a menace and a constant source of trouble to all the members of Gokuldham. They have often warned 'Jethalal' to reform 'Tapu' or else be prepared to leave the premises. Lost hopes of being heard by his son push Jethalal' to call his father 'Champaklal' from the village. This was his great idea of leashing some control over the mischievous Tapu. The opposite happens and the grandfather joins hands with the grandson to make life a roller coaster troublesome ride for Jethalal.

Cast:
---------
Dilip Joshi as Jethalal Champaklal Gada
Disha Vakani as Daya Jethalal Gada
Nitish Bhaluni / Raj Anadkat / Bhavya Gandhi as Tipendra Jethalal Gada (Tapu) 
Amit Bhatt as Champaklal Jayantilal",about taarak mehta ka ooltah chashmah the show is inspired from the famous humorous column duniya ne undha chasma written by the eminent gujarati writer mr tarak mehta this story revolves around daily happenings in gokuldham cooperative society and covers topical issues which are socially relevant the show predominantly revolves around jethalal who is an uneducated gujarati businessman your taarak mehta is his neighbor jethalal finds a friend and philosopher in taarak mehta and often goes to him for advice whenever he is in trouble jethalaals family includes his simpleton wife daya ben and a mischievous son tapu tapu is a menace and a constant source of trouble to all the members of gokuldham they have often warned jethalal to reform tapu or else be prepared to leave the premises lost hopes of being heard by his son push jethalal to call his father champaklal from the village this was his great idea of leashing some control over the mischievous tapu the opposite happens and the grandfather joins hands with the grandson to make life a roller coaster troublesome ride for jethalal cast dilip joshi as jethalal champaklal gada disha vakani as daya jethalal gada nitish bhaluni raj anadkat bhavya gandhi as tipendra jethalal gada tapu amit bhatt as champaklal jayantilal,neutral,0.612494945526123
29:10 is very nice ğŸ˜‚ğŸ˜‚ğŸ˜‚ğŸ˜‚,is very nice,positive,0.9675286412239075
",,",,neutral,0.0
YE SODHI WALA ACTINGğŸ¤¡,ye sodhi wala acting,neutral,0.7147799134254456
58:24 bapuji ka khara hogyağŸ˜‚ğŸ˜‚,bapuji ka khara hogya,neutral,0.7262709140777588
Dr.Hathi have didn't stripped shirt when in home but when he came out after checking bagha there was,drhathi have didnt stripped shirt when in home but when he came out after checking bagha there was,neutral,0.8906161785125732
Q,q,neutral,0.5329505801200867
Ye Iyer or popatlal ko society se koi nekal kyu nehi deta hai most 3rd class hai,ye iyer or popatlal ko society se koi nekal kyu nehi deta hai most rd class hai,neutral,0.7957482933998108
â¤â¤â¤â¤â¤ğŸ‰ğŸ˜‚,,neutral,0.0
Done baga,done baga,neutral,0.6346416473388672
What is a Masala shampu ğŸ˜„ğŸ˜„ğŸ˜„ğŸ˜„ğŸ˜„ğŸ˜„ğŸ˜„ğŸ˜„ğŸ˜„ğŸ˜„ğŸ˜„ğŸ˜„ğŸ˜„ğŸ˜„ğŸ˜„ğŸ˜„ğŸ˜„ ğŸ¤­ğŸ¤­ğŸ¤­ğŸ¤­ğŸ¤­ğŸ¤­ğŸ¤­ğŸ˜¬ğŸ¤­ğŸ¤­ğŸ¤­ğŸ¤­ğŸ¤­ğŸ¤­ğŸ¤­ğŸ¤­,what is a masala shampu,neutral,0.7620299458503723
Babita ka divana Jathalal â¤ â¤ â¤ â¤ â¤ â¤ â¤ â¤ â¤ â¤ â¤ â¤ â¤,babita ka divana jathalal,neutral,0.7588822245597839
", ka ğŸ˜¢ğŸ˜…",ka,neutral,0.5296299457550049
Super ğŸ˜‚,super,neutral,0.542172372341156
6:56 jo fata na jetha lal ka ğŸ˜‚ğŸ˜‚ğŸ˜‚,jo fata na jetha lal ka,neutral,0.7541218400001526
Yeh Aiyyar Babita ko Aur Bhide Madhvi ko deserve hi nai karta,yeh aiyyar babita ko aur bhide madhvi ko deserve hi nai karta,neutral,0.7981088757514954
Dil Gayab Hogay Hai ğŸ˜‚,dil gayab hogay hai,neutral,0.6607527136802673
â¤â¤â¤,,neutral,0.0
47:29 47:31 47:31 47:31 47:31 47:32 47:32 47:32 47:32 47:34,,neutral,0.0
Sodhi over acting not good acting ğŸ˜…,sodhi over acting not good acting,negative,0.8830417394638062
--------------------------------------- nothing ğŸ˜‚ğŸ˜‚ğŸ˜‚,nothing,neutral,0.5349960327148438
9:50 what is bagha doingğŸ˜‚ğŸ˜‚ğŸ˜‚ğŸ˜‚,what is bagha doing,neutral,0.8190563321113586
Ye baga jaise ko nikal do kam se pagal kahi ka ğŸ˜‚ğŸ˜‚,ye baga jaise ko nikal do kam se pagal kahi ka,neutral,0.7466394901275635
--------------------------------------------------------------------,,neutral,0.0
Bagha is so irretated,bagha is so irretated,negative,0.7082183957099915
26:43 ğŸ˜‚ğŸ‘ ğŸ˜‚ğŸ¤£ğŸ¤£ğŸ¤£,,neutral,0.0
Ye saab fek hai daya ki mami ka batayahuwa tarika ğŸ˜‚,ye saab fek hai daya ki mami ka batayahuwa tarika,neutral,0.763421356678009
Kaass yeh jethalal jese log milte jo apne staffs ko itna pyar karte warna dusre toh dekhe vi nah pal mey stafss change kar lengeeeğŸ˜¢,kaass yeh jethalal jese log milte jo apne staffs ko itna pyar karte warna dusre toh dekhe vi nah pal mey stafss change kar lengeee,neutral,0.8091301321983337
bawripunch ğŸ˜…,bawripunch,neutral,0.651075005531311
Ya kha bat huya baga propose bawri ya baga propose bawri kue baga ghutnoma bathaga bhai .or why he must look good palasai pasant ha to .,ya kha bat huya baga propose bawri ya baga propose bawri kue baga ghutnoma bathaga bhai or why he must look good palasai pasant ha to,neutral,0.6286590099334717
Missing old sodi ğŸ˜¥ğŸ˜¥ğŸ˜¥,missing old sodi,neutral,0.7683066129684448
Ye shodi ko dekh kar Sara mood kharab ho gaya,ye shodi ko dekh kar sara mood kharab ho gaya,neutral,0.7862491011619568
ğŸ˜‚ğŸ˜‚ğŸ˜‚,,neutral,0.0
"Majak majak mei bhide ne bahut sahi baat boli 
Doctor hai toh pulse ki jagah purse check kiya hoga ğŸ˜¢",majak majak mei bhide ne bahut sahi baat boli doctor hai toh pulse ki jagah purse check kiya hoga,neutral,0.7995471954345703
Ye nakli sodi biklul bekar hai,ye nakli sodi biklul bekar hai,neutral,0.676206111907959
ğŸ˜‚ğŸ˜‚ğŸ˜‚ğŸ˜‚ğŸ˜‚ğŸ˜‚ğŸ˜‚ğŸ˜‚ğŸ˜‚ğŸ¤£ğŸ¤£ğŸ¤£ğŸ¤£ğŸ¤£ğŸ¤£ğŸ¤£ğŸ¤£ğŸ¤£ğŸ¤£ğŸ¤£ğŸ¤£ğŸ¤£ğŸ¤£,,neutral,0.0
Oo Daya ri ma to phone hi jaldi uthale,oo daya ri ma to phone hi jaldi uthale,neutral,0.7909233570098877
55:48 epic scene jethalal ghalti se mistake ho gyee seğŸ˜‚ğŸ˜‚ğŸ˜‚,epic scene jethalal ghalti se mistake ho gyee se,neutral,0.6661589741706848
40:57 ye rikshaw wala pinku jesa kyo lgrağŸ˜‚ğŸ˜‚,ye rikshaw wala pinku jesa kyo lgra,neutral,0.7709025144577026
"Only jethalal, baaki sab skip haiğŸ˜®",only jethalal baaki sab skip hai,neutral,0.7752078175544739
ğŸ˜‚ğŸ˜‚ğŸ˜‚ğŸ˜‚ğŸ˜‚ğŸ˜‚ğŸ˜‚ğŸ˜‚ğŸ˜‚ğŸ˜‚,,neutral,0.0
Dil bhai ğŸ˜‚ğŸ¤Œ,dil bhai,neutral,0.5917069911956787
Babita ki bhuk hadtalğŸ˜‚ğŸ˜‚,babita ki bhuk hadtal,neutral,0.7100508213043213
2028 me Deka re.haa huğŸ˜…,me deka rehaa hu,neutral,0.7128711938858032
Kis kis ne notice kiya he bawri ka top piche se ganda he .....ğŸ˜‚ğŸ˜‚ Attendance lagaoğŸ‘‡ğŸ‘‡,kis kis ne notice kiya he bawri ka top piche se ganda he attendance lagao,neutral,0.8324551582336426
Mast andhasraddha ko badawa dene kam chalu hai,mast andhasraddha ko badawa dene kam chalu hai,neutral,0.7412500381469727
Natak hit Babita ke,natak hit babita ke,neutral,0.6609140634536743
Old sodhi should be back,old sodhi should be back,neutral,0.5610564351081848
à¤¬à¤¾à¤˜à¤¾ à¤­à¤¾à¤ˆ à¤•à¥‹ à¤²à¤¹à¤°à¤¿à¤¯à¤¾ à¤¹à¥‹ à¤—à¤¯à¤¾ à¤¹à¥ˆ ğŸ˜‚ğŸ˜‚ğŸ˜‚,,neutral,0.0
à¤¬à¤¾à¤˜à¥‹ And à¤¬à¤¾à¤µà¤°à¥€ ğŸ˜‚,and,neutral,0.537208080291748
Bichara jhethalal uski life Mai aise log hai jiski wajeh usko pareshan hona padta hai hamesha or nuksaan bhi hota hai,bichara jhethalal uski life mai aise log hai jiski wajeh usko pareshan hona padta hai hamesha or nuksaan bhi hota hai,neutral,0.8256741762161255
Ak no ka faltu episode banaya he time vest kuch majja bhi nahi aya Daya ki over acting or Baga ko to kanke niche Dana chahiye yedi chudika,ak no ka faltu episode banaya he time vest kuch majja bhi nahi aya daya ki over acting or baga ko to kanke niche dana chahiye yedi chudika,neutral,0.6906535625457764
Ma,ma,neutral,0.5038480162620544
Bapuji is most toxic character and natu baga sunder daya toxicity heâ¤ğŸ˜‚,bapuji is most toxic character and natu baga sunder daya toxicity he,negative,0.8822519779205322
"bagha , nattu kaka , daya are very irritating character of tmkoc",bagha nattu kaka daya are very irritating character of tmkoc,negative,0.9282212257385254
58:00,,neutral,0.0
58.00,,neutral,0.0
â¤â¤â¤â¤â¤ good ğŸ‘ jeetala â¤â¤â¤â¤â¤â¤â¤â¤ Mumbai â¤,good jeetala mumbai,positive,0.8129996657371521
ğŸ˜ŠğŸ˜ŠğŸ˜ŠğŸ˜ŠğŸ˜ŠğŸ˜Šâ¤â¤ğŸ˜…ğŸ˜®,,neutral,0.0
16 July 2024ğŸ‰â¤,july,neutral,0.6425713300704956
Kuch bhi,kuch bhi,neutral,0.5530780553817749
Baga bhai ko Prem Rog ho gaya haiâ¤â¤ğŸ˜‚ğŸ˜‚,baga bhai ko prem rog ho gaya hai,neutral,0.7177003622055054
Ek Lal Gulab phool aur chocolate denaâ¤â¤â¤â¤ğŸ˜‚,ek lal gulab phool aur chocolate dena,neutral,0.814453661441803
Baga ko Tirupati Balaji ke mandir Le Jaaye Prabhu theek kar dengeğŸ˜‚ğŸ˜‚ğŸ˜‚ğŸ‰â¤,baga ko tirupati balaji ke mandir le jaaye prabhu theek kar denge,neutral,0.7937307953834534
ğŸ˜‚ğŸ˜‚ğŸ˜‚ğŸ˜‚ğŸ˜‚ğŸ˜ğŸ˜ğŸ˜ğŸ˜ğŸ˜ğŸ‘ğŸ™ğŸ™„ğŸ™„ğŸ˜ğŸ˜ğŸ˜ğŸ˜ğŸ˜ƒğŸ˜ƒğŸ˜ƒğŸ˜±ğŸ˜±ğŸ˜±ğŸ˜±ğŸ˜±ğŸ˜±,,neutral,0.0
23:37â€“23:42 - Did anyone notice Jethalal's expressions to Daya here ğŸ˜‚ğŸ˜‚ğŸ˜‚,did anyone notice jethalals expressions to daya here,neutral,0.90883469581604
26:10 26:10 26:11 26:11 26:11 26:11 26:11 26:19 26:20 26:20 26:20 26:20 26:20 26:21 26:23 26:23 26:23 26:23 26:23 26:24 26:24 26:24 26:24 26:24 26:25 26:25 26:25 26:25 26:25 26:26 26:26 26:26 26:26 26:26 26:27 26:27 26:27 26:27 26:27 26:28 26:28 26:28 26:28 26:28 26:29 26:29 26:29 26:29 26:29 26:30 26:30 26:30 26:30 26:31 26:31 26:31 26:31 26:32 26:32 26:32 26:32,,neutral,0.0
"Kya in sab gents ko kaam nahi hota jo har waqt ghar par hi hote hain. Aur jetha ko koi farq nahi pada 50,000 ke loss ka?",kya in sab gents ko kaam nahi hota jo har waqt ghar par hi hote hain aur jetha ko koi farq nahi pada ke loss ka,neutral,0.7584802508354187
@12:48 Iyer: Climate b change hai. Scientist ko Climate aur Weather ki difference nhi pata ğŸ˜‚ğŸ˜‚,iyer climate b change hai scientist ko climate aur weather ki difference nhi pata,neutral,0.8326117992401123
,,neutral,0.0
,,neutral,0.0
Are ye sunder 1 lakh ka ghutaala krta pr baapuji kabhi kuch nhi bolteğŸ˜…ğŸ˜‚.ye 50k bhi waapas nhi lena chahiye ğŸ˜…ğŸ˜‚,are ye sunder lakh ka ghutaala krta pr baapuji kabhi kuch nhi bolteye k bhi waapas nhi lena chahiye,neutral,0.7917242050170898
kon kon ye episode khate hue dekh reh hai,kon kon ye episode khate hue dekh reh hai,neutral,0.7058972716331482
Kok Kok 4040 main dekh Raha hai,kok kok main dekh raha hai,neutral,0.7216606736183167
Orat ka chakkar babu bhaiya ğŸ˜‚,orat ka chakkar babu bhaiya,neutral,0.7217632532119751
9:39 baggha in backside ğŸ˜‚ğŸ˜‚ğŸ˜‚ğŸ˜‚,baggha in backside,neutral,0.794056236743927
ğŸ˜‚ğŸ˜‚ğŸ˜‚ğŸ˜‚ğŸ˜‚,,neutral,0.0
Kon kon ko old sodi acha lagta tha .,kon kon ko old sodi acha lagta tha,neutral,0.7920857071876526
Bhai kon kon ye episode 2024 me dekh raha hai,bhai kon kon ye episode me dekh raha hai,neutral,0.8136716485023499
Old is gold new episodes are boring,old is gold new episodes are boring,negative,0.8005703687667847
Aap gentes log ğŸ˜‚ğŸ˜‚ğŸ˜‚,aap gentes log,neutral,0.7007726430892944
â¤â¤â¤â¤â¤â¤â¤â¤,,neutral,0.0
31:38 ğŸ˜‚,,neutral,0.0
Daya jaise logo ki wajah se desh mei andhvishwas badhta hai. Upar se society wale bhi usko badhawa dete hai.,daya jaise logo ki wajah se desh mei andhvishwas badhta hai upar se society wale bhi usko badhawa dete hai,neutral,0.7795036435127258
Legends know bagha is cheating on rukmani ğŸ˜‚ğŸ˜‚,legends know bagha is cheating on rukmani,negative,0.5582627654075623
Is episode mein mahila mandali bhagha ko bj deti hain,is episode mein mahila mandali bhagha ko bj deti hain,neutral,0.834078848361969
First Sochi was first sodhi. Ye new ka maza bilkul nai,first sochi was first sodhi ye new ka maza bilkul nai,neutral,0.8202703595161438
Magan is a character manğŸ˜‚ he has some funny vibe.,magan is a character man he has some funny vibe,positive,0.925344705581665
2029me kon dekh rhaheğŸ˜Š,me kon dekh rhahe,neutral,0.7028130888938904
1:34 ğŸ˜‚ğŸ˜‚ğŸ˜‚ğŸ˜‚ğŸ˜‚ğŸ˜‚,,neutral,0.0
Baga bawri ki wajha se pareshan h,baga bawri ki wajha se pareshan h,neutral,0.7715978622436523
Payar ka toffaa,payar ka toffaa,neutral,0.7094630002975464
38:47 sundar veera mahan hai kam se kam 50 lakh ka chuna to lagaya hoga,sundar veera mahan hai kam se kam lakh ka chuna to lagaya hoga,neutral,0.7396069765090942
Ye shodi kitna pkau he,ye shodi kitna pkau he,neutral,0.6557614803314209
Jethalal rack ğŸ˜¡ğŸ˜¡ğŸ˜¡ğŸ˜¡ğŸ˜¡ğŸ˜¡ bagha sack,jethalal rack bagha sack,neutral,0.7536364197731018
44:45,,neutral,0.0
Gajara balome bhide ğŸ˜‚ğŸ˜‚,gajara balome bhide,neutral,0.7034231424331665
SodağŸ¥¤ party ho jai freeğŸ†“,soda party ho jai free,neutral,0.7744957804679871
This new sodi is too irritating,this new sodi is too irritating,negative,0.976241409778595
ğŸ˜‚ğŸ˜‚ğŸ˜‚ğŸ˜‚ğŸ˜‚ğŸ˜‚,,neutral,0.0
ğŸ˜‚ğŸ˜‚,,neutral,0.0
"Esa naukar ho toh ,malik kiii .....",esa naukar ho toh malik kiii,neutral,0.7529671788215637
Woo best of like love friend shipe woo yare best good very nice welldone love smile happy enjoye love smile,woo best of like love friend shipe woo yare best good very nice welldone love smile happy enjoye love smile,positive,0.9902032613754272
"Iloveyou,â™¥ï¸â™¥ï¸â™¥ï¸â™¥ï¸â™¥ï¸â™¥ï¸â™¥ï¸ğŸ’‹ğŸ’‹ğŸ’‹ğŸ’‹ğŸ’‹ğŸ’‹ğŸ’‹",iloveyou,positive,0.7589256763458252
"in our Language, Baga means Gandu",in our language baga means gandu,neutral,0.8055617213249207
Rat me kon school jata he ğŸ‘€,rat me kon school jata he,neutral,0.7769910097122192
58:19. ğŸ˜‚ğŸ˜‚ğŸ˜‚ğŸ˜‚,,neutral,0.0
Bekaar episode ğŸ¤¥ğŸ¤¥,bekaar episode,neutral,0.6487084031105042
53:10 ğŸ˜…,,neutral,0.0
50:08 ğŸ˜‚,,neutral,0.0
24:40  see the mobile screen..!,see the mobile screen,neutral,0.7608004212379456
Ja dakba sa hasba ...arakom akta siriyal ...ohh â¤ï¸ ğŸ˜ƒğŸ˜ƒğŸ˜ƒğŸ¤£ğŸ¤£ğŸ¤£ğŸ¤£ğŸ¤£ğŸ¤£,ja dakba sa hasba arakom akta siriyal ohh,neutral,0.8117204308509827
â¤â¤â¤,,neutral,0.0
Anjali looks very nice,anjali looks very nice,positive,0.9815860390663147
Kon kon khate time dekh rha heğŸ˜…,kon kon khate time dekh rha he,neutral,0.6581391096115112
àªˆ àª àª“ àª† àª…àª‚àª—à«‡ğŸ˜‚àªŸàª•à«‚àªˆàª†ğŸ‰ğŸ˜‚,,neutral,0.0
58:05 ğŸ˜‚ğŸ˜‚ğŸ˜‚ğŸ˜‚,,neutral,0.0
Garden me tapa a tap tapa tap pahele daya phir pure ladies ğŸ˜¢ğŸ˜¢,garden me tapa a tap tapa tap pahele daya phir pure ladies,neutral,0.8827871680259705
I love this sodhi no matter what you guys say... he has some of the greatest sodhi scenes ever.,i love this sodhi no matter what you guys say he has some of the greatest sodhi scenes ever,positive,0.9893821477890015
Are bhai 50k ka kya hua ğŸ˜‚ğŸ˜‚,are bhai k ka kya hua,neutral,0.6484200358390808
Bakwash,bakwash,neutral,0.5957339406013489
59:24  Yar anjali mehta boht sunder hn Yar kisam ma indea awo ga only anjali mehta sa milna ke liy bsssss Jo pasi lg khrch kro ga ma,yar anjali mehta boht sunder hn yar kisam ma indea awo ga only anjali mehta sa milna ke liy bsssss jo pasi lg khrch kro ga ma,neutral,0.8053614497184753
Old Sodhi bhai best they ye overacting buhut karta hai ğŸ˜¥,old sodhi bhai best they ye overacting buhut karta hai,neutral,0.58319091796875
37:31 Aare daya bhabhi garden mei mat jaw waha per Rohit Sharma ne jane se mana kia hai,aare daya bhabhi garden mei mat jaw waha per rohit sharma ne jane se mana kia hai,neutral,0.8416826128959656
Masala shampoo ğŸ˜‚,masala shampoo,neutral,0.7583049535751343
Dilip Joshi Aaye,dilip joshi aaye,neutral,0.6462653279304504
"56:48 
Most funny thing ğŸ˜‚",most funny thing,positive,0.8380846381187439
54:59 koi doctor ko bulaoooğŸ˜…,koi doctor ko bulaooo,neutral,0.7516034841537476
50:18 â¤â¤â¤â¤â¤,,neutral,0.0
Ye baga daya bevkuf banane ka kam Karte Hain pagal banaa Re Sabko,ye baga daya bevkuf banane ka kam karte hain pagal banaa re sabko,neutral,0.7705545425415039
Koi hazaribag jharkhand barhi se hai to like krooo,koi hazaribag jharkhand barhi se hai to like krooo,neutral,0.7885969877243042
11:5,,neutral,0.0
9.5,,neutral,0.0
16:18 ğŸ˜‚,,neutral,0.0
18:04 bagha ka pgar,bagha ka pgar,neutral,0.6494767665863037
7:38 cute slapğŸ˜‚ğŸ˜‚,cute slap,positive,0.7697253227233887
BHai wo jethalal ke 50k wapas aaye kya pta hoto comment kro,bhai wo jethalal ke k wapas aaye kya pta hoto comment kro,neutral,0.8187083005905151
57:39 kabhi nhiğŸ˜‚ğŸ˜‚,kabhi nhi,neutral,0.5891312956809998
Bagha ka pyar =jethalal ko 53 hazar ka jatka ğŸ˜…ğŸ˜…ğŸ˜…ğŸ˜‚ğŸ˜‚ğŸ˜‚ğŸ˜‚ğŸ˜‚,bagha ka pyar jethalal ko hazar ka jatka,neutral,0.794520914554596
à¤¨à¤œà¤° à¤‰à¤¤à¤¾à¤°à¤¨à¥€ à¤¹à¥ˆ à¤¯à¤¾ à¤¸à¤¬à¥à¤œà¥€ à¤¬à¤¨à¤¾à¤¨à¥€ à¤¹à¥ˆ ğŸ˜‚ğŸ˜‚ğŸ˜‚ğŸ˜‚ğŸ˜‚,,neutral,0.0
07:52ğŸ˜‚ğŸ˜‚,,neutral,0.0
05:30 f,f,neutral,0.5217376947402954
4:00ğŸ˜‚,,neutral,0.0
Bilkul ye bakwash so hai,bilkul ye bakwash so hai,neutral,0.6524564623832703
57:52  ğŸ˜‚ğŸ˜‚ğŸ˜‚ğŸ˜‚ğŸ˜‚ğŸ˜‚,,neutral,0.0
When iyer said babita ne bhook hartal kiya tha ğŸ˜‚,when iyer said babita ne bhook hartal kiya tha,neutral,0.7866743206977844
Sath me katha b lagvana tha ğŸ˜‚ğŸ˜‚ğŸ˜‚,sath me katha b lagvana tha,neutral,0.7376137971878052
Yeh babita ji itni hot ğŸ¥µ kyu hai,yeh babita ji itni hot kyu hai,neutral,0.762350857257843
Bagha ka pagar popatlal se jyada hai ğŸ˜‚,bagha ka pagar popatlal se jyada hai,neutral,0.7926583886146545
Ye shodi bohat overacting karta hai,ye shodi bohat overacting karta hai,negative,0.5431008338928223
Jethalal - Galti se mistake ho gayi se ğŸ˜…ğŸ˜…,jethalal galti se mistake ho gayi se,neutral,0.6541915535926819
Nice,nice,positive,0.6387196779251099
Kya Tapleek Hai Aapkoâ€â¤ğŸ˜‚,kya tapleek hai aapko,neutral,0.6440213322639465
ğŸ˜‚ğŸ˜‚,,neutral,0.0
23:15,,neutral,0.0
ğŸ˜¢ğŸ˜®ğŸ˜®ğŸ˜¢ğŸ˜®ğŸ˜®ğŸ˜¢ğŸ˜¢ğŸ˜®ğŸ˜¢ğŸ˜¢ğŸ‰ğŸ‰,,neutral,0.0
ğŸ˜‚ğŸ˜‚ğŸ˜‚ğŸ˜‚ğŸ˜‚,,neutral,0.0
intresting epi,intresting epi,neutral,0.5448963046073914
Love ek good feeling toh hai but yeh akhand chutiyapa hai zindagi khatam is chakkar me,love ek good feeling toh hai but yeh akhand chutiyapa hai zindagi khatam is chakkar me,positive,0.8805491924285889
ğŸ˜‚ğŸ˜‚ğŸ˜‚ğŸ˜‚ğŸ˜‚,,neutral,0.0
ğŸ˜‚ğŸ˜‚ğŸ˜‚ğŸ˜‚,,neutral,0.0
Mera haal BHI jetha LAL jaisa hogaya h,mera haal bhi jetha lal jaisa hogaya h,neutral,0.789061427116394
"ye society me kisko kaam dhanda nai hai,sab bc gharpe rehte hain,kuch v ho sab bhaage chale aate hain",ye society me kisko kaam dhanda nai haisab bc gharpe rehte hainkuch v ho sab bhaage chale aate hain,neutral,0.7885069847106934
Yrr ye bhaga.. Nattu kaka.. Sundar aur daya jarurt se jada irritate krte hai.. Jethalal ko ...yrritna bhi irritating episode mt bnaya karo ğŸ™ real m.. Gussa aa jata h...,yrr ye bhaga nattu kaka sundar aur daya jarurt se jada irritate krte hai jethalal ko yrritna bhi irritating episode mt bnaya karo real m gussa aa jata h,negative,0.5906348824501038
Only one dollar $ the legend of bhagha ğŸ˜‚ğŸ˜€,only one dollar the legend of bhagha,neutral,0.719353437423706
Jethalaal be like : glti se mistake ho gyi ğŸ˜‚ğŸ˜‚,jethalaal be like glti se mistake ho gyi,neutral,0.7053741216659546
legend magan smiling ğŸ˜‚,legend magan smiling,positive,0.6711872220039368
Jb jetha bola ki daya chilla mt logo ko pta chal jaega pr jb hathi bhai ke pass gyi toh itna gala faad faad kr boli sbko pta chal gya ğŸ˜‚ğŸ˜‚ğŸ˜‚ğŸ˜‚,jb jetha bola ki daya chilla mt logo ko pta chal jaega pr jb hathi bhai ke pass gyi toh itna gala faad faad kr boli sbko pta chal gya,neutral,0.8405221104621887
Sometimes feels na daya bht nautanki karti thi,sometimes feels na daya bht nautanki karti thi,neutral,0.806084930896759
"03:08 Sallah
04:36 chale
05:43 Cry
05:54 ğŸ˜¢ğŸ˜¢
07:48 Magan Laugh Rocking
31:38 laugh",sallah chale cry magan laugh rocking laugh,neutral,0.4931293725967407
ğŸ˜ŠğŸ˜®ğŸ˜®ğŸ‰ğŸ˜‚â¤ğŸ˜‚ğŸ‰ğŸ˜¢ğŸ˜®ğŸ˜®ğŸ˜…ğŸ˜®ğŸ˜¢ğŸ˜‚â¤ğŸ‰ğŸ˜¢ğŸ˜®ğŸ˜…ğŸ˜ŠğŸ˜®ğŸ˜¢ğŸ‰â¤ğŸ˜¢ğŸ˜®ğŸ˜…ğŸ˜ŠğŸ˜ŠğŸ˜ŠğŸ˜Š,,neutral,0.0
44:18  What a propose style of bawriğŸ˜‚,what a propose style of bawri,neutral,0.7814390063285828
Bagha overacting ki dukanğŸ˜‚,bagha overacting ki dukan,negative,0.5868386030197144
ğŸ˜ğŸ˜ğŸ˜ğŸ˜ğŸ˜ğŸ˜ğŸ˜ğŸ˜ğŸ˜ğŸ¤ğŸ¤ğŸ¤,,neutral,0.0
Sala yeh bagha satia gaya,sala yeh bagha satia gaya,neutral,0.6956327557563782
ğŸ‘ğŸ‘â¤â¤,,neutral,0.0
Aur cooker ka price add nahi kiya,aur cooker ka price add nahi kiya,neutral,0.730400025844574
3rd one please pin broâ¤â¤â¤,rd one please pin bro,neutral,0.739968478679657
â¤,,neutral,0.0
First view ğŸ‰,first view,neutral,0.6311274766921997
